"Category","Case","Title","Story Points","Priority","Assigned To","Tags","Fix Versions","Affect Versions","Area","Milestone","Date Opened","Project","Opened By","Salesforce Case","Due Date","HotFix","Resolved By","Original Estimate","Current Estimate","Date Resolved","Date Closed","Subcases","Status"
"Bug","35327","SF:149060, MAX Digital Showroom Lead - Email Language Change Request","0","Medium","Bill Rogalla","dsr","Lolay Legacy","Lolay Backog","Digital Showroom","","01/18/16 08:59 PM","200: Lolay","Bill Rogalla","149060","","0","","0","0","","","","Active (Needs Requirements)"
"Bug","35542","SF:150097, Images Not Loading From MAX Mobile App","0","Medium","David Ritter","webloader","Lolay Legacy","Lolay Backog","MAX Mobile Webloader","","02/01/16 07:51 PM","200: Lolay","Bill Rogalla","150097","","0","","0","0","","","","Active (Ready for Work)"
"Bug","38181","Max Mobile: UI issue when entering stock # on Search","0","Ground Level","V-MAX-PRODUCT","","Lolay Legacy","Undecided","MAX Mobile Webloader","","12/05/16 07:38 PM","200: Lolay","Inna Tulika","","","0","","0","0","","","","Active (Needs Priority)"
"Task","38538","Upgrade New Relic android integration in MAX Mobile Webloader","0","Medium","Bill Rogalla","webloader","Lolay Legacy","Undecided","MAX Mobile Webloader","","02/07/17 02:37 AM","200: Lolay","J. Travis Huber","","","0","","0","0","","","","Active (Needs Priority)"
"Task","38540","Upgrade New Relic ios integration in MAX Mobile Webloader","0","Medium","Bill Rogalla","webloader","Lolay Legacy","Undecided","MAX Mobile Webloader","","02/07/17 02:40 AM","200: Lolay","J. Travis Huber","","","0","","0","0","","","","Active (Needs Priority)"
"Internal Defect","38843","Max Mobile test is unable to refresh the data","0","Medium","Bill Rogalla","webloader","Lolay Legacy","Lolay Backog","MAX Mobile Webloader","","03/24/17 04:23 PM","200: Lolay","Inna Tulika","","","0","","0","0","","","","Active (Ready for Work)"
"Bug","34158","SF:128901, Fairfield Auto Mall MAX Mobile app issues-Galaxy Camera","0","Medium","David Ritter","webloader","Lolay Legacy","Lolay Backog","MAX Mobile Webloader","","08/21/15 08:42 PM","200: Lolay","Bill Rogalla","128901","","0","","0","0","","","","Active (Ready for Work)"
"Internal Defect","38870","DSR search by Stock # does not follow the logic shown in the UI","0","Medium","Bill Rogalla","dsr","Lolay Legacy","Undecided","Digital Showroom","","03/28/17 10:09 PM","200: Lolay","Inna Tulika","","","0","","0","0","","","","Active (Needs Priority)"
"Task","36628","SF:166018, Hendrick Honda Easley - Error on Chat Button in Max Digital Showroom and Max For Website","0","Medium","Bill Rogalla","dsr","Lolay Legacy","Lolay Backog","Digital Showroom","","05/13/16 03:26 PM","200: Lolay","Dan Webster","166018","","0","","0","0","","","","Active (Needs Research)"
"Task","38161","Digital Showroom: Need VIN Exposed on Search Results Page","0","Medium","Bill Rogalla","dsr","Lolay Legacy","Undecided","Digital Showroom","","11/30/16 05:35 PM","200: Lolay","Tim Muir","","","0","","0","0","","","","Active (Needs Priority)"
"Task","34680","link to DSR search from mobile","1","Medium","Jared Svenson","dsr","Lolay Legacy","Lolay Backog","Digital Showroom","","11/06/15 09:48 PM","200: Lolay","Chad L Sosna","","","0","","0","0","","","","Active (Ready for Work)"
"Bug","35303","SF:148527, DSR--No 3rd Seat Option package","0","Medium","Bill Rogalla","dsr","Lolay Legacy","Lolay Backog","Digital Showroom","","01/13/16 10:30 PM","200: Lolay","Bill Rogalla","148527","","0","","0","0","","","","Active (Needs Requirements)"
"Task","35575","Digital Showroom: Add ""vin"" property to SRP html","0","Medium","Bill Rogalla","dsr","Lolay Legacy","Lolay Backog","Digital Showroom","","02/03/16 10:17 PM","200: Lolay","Tim Muir","","","0","","0","0","","","","Active (Needs Priority)"
"Bug","36176","SF:159519, DSR Issue-- Unable to use DSR in Safari - Dead Buttons","0","Medium","Jared Svenson","dsr","Lolay Legacy","September","Mobile Showroom","","03/30/16 04:14 AM","200: Lolay","Dan Webster","159519","","0","","0","0","","","","Active (Needs Research)"
"Task","34423","handle un-clickable areas","0","Medium","Bill Rogalla","dsr","Lolay Legacy","Lolay Backog","Digital Showroom","","09/29/15 04:57 PM","200: Lolay","Chad L Sosna","","","0","","0","0","","","","Active (Needs Requirements)"
"Bug","34483","Digital Showroom: Beta ""View Mobile Site"" Link Redirects to Production","0","Medium","Jared Svenson","dsr","Lolay Legacy","Lolay Backog","Digital Showroom","","10/08/15 05:59 PM","200: Lolay","Tim Muir","","","0","","0","0","","","","Active (Ready for Work)"
"Bug","34627","SF:139054, Litchfield ford - MAX4Web IFrame Large Package Being Cut off","0","Medium","Chad L Sosna","dsr","Lolay Legacy","Lolay Backog","Digital Showroom","","10/30/15 02:28 PM","200: Lolay","Bill Rogalla","139054","","0","","0","0","","","","Active (Needs Requirements)"
"Task","34679","Review all leads for required fields","2","Medium","Jared Svenson","dsr","Lolay Legacy","Lolay Backog","Digital Showroom","","11/06/15 09:38 PM","200: Lolay","Chad L Sosna","","","0","","0","0","","","","Active (Ready for Work)"
"Task","34350","updates to 'send to mobile'","0","Medium","Chad L Sosna","dsr","Lolay Legacy","Lolay Backog","Digital Showroom","","09/22/15 07:15 PM","200: Lolay","Chad L Sosna","","","0","","0","0","","","","Active (Needs Requirements)"
"Task","34353","on MMS one click to call","0","Medium","Bill Rogalla","dsr","Lolay Legacy","Lolay Backog","Digital Showroom","","09/22/15 08:03 PM","200: Lolay","Chad L Sosna","","","0","","0","0","","","","Active (Needs Requirements)"
"Task","34355","add directions to maps","0","Medium","Jared Svenson","dsr","Lolay Legacy","Lolay Backog","Digital Showroom","","09/22/15 08:08 PM","200: Lolay","Chad L Sosna","","","0","","0","0","","","","Active (Ready for Work)"
"Task","34357","move description to above carfax/certified area","0","Medium","Bill Rogalla","dsr","Lolay Legacy","Lolay Backog","Digital Showroom","","09/22/15 08:33 PM","200: Lolay","Chad L Sosna","","","0","","0","0","","","","Active (Needs Priority)"
"Task","34358","make photo view more obvious that there are more photos. ","0","Medium","Bill Rogalla","dsr","Lolay Legacy","Lolay Backog","Digital Showroom","","09/22/15 08:40 PM","200: Lolay","Chad L Sosna","","","0","","0","0","","","","Active (Needs Priority)"
"Task","34422","NADA trade in copy changes","0","Medium","Bill Rogalla","dsr","Lolay Legacy","Lolay Backog","Digital Showroom","","09/29/15 04:48 PM","200: Lolay","Chad L Sosna","","","0","","0","0","","","","Active (Needs Requirements)"
"Feature","32746","SF:114644, Max Integration With Reputation.com","","Medium","V-MAX-PRODUCT","dsr","Lolay Legacy","Lolay Backog","Digital Showroom","","03/16/15 04:23 PM","200: Lolay","Bill Rogalla","114644","","0","","0","0","","","","Active (Needs Requirements)"
"Task","32848","UI update when there are no price comparisons ","","Medium","Jared Svenson","dsr","Lolay Legacy","Lolay Backog","Digital Showroom","","03/23/15 04:14 PM","200: Lolay","Chad L Sosna","","","0","","0","0","","","","Active (Ready for Work)"
"Task","33006","AB test the NADA banner add ","","Medium","V-MAX-PRODUCT","dsr","Lolay Legacy","Lolay Backog","Digital Showroom","","04/10/15 06:52 PM","200: Lolay","Chad L Sosna","","","0","","0","0","","","","Active (Needs Priority)"
"Task","33009","send the product name in the ADF xml","","Medium","Jared Svenson","dsr","Lolay Legacy","Lolay Backog","Digital Showroom","","04/10/15 06:55 PM","200: Lolay","Chad L Sosna","","","0","","0","0","","","","Active (Ready for Work)"
"Task","34255","tracking for NADA standalone page","0","Medium","Jared Svenson","dsr","Lolay Legacy","Lolay Backog","Digital Showroom","","09/08/15 07:05 PM","200: Lolay","Chad L Sosna","","","0","","0","0","","","","Active (Ready for Work)"
"Task","29751","Expert reviews section","","Medium","Bill Rogalla","dsr","Lolay Legacy","Lolay Backog","Digital Showroom","","04/25/14 03:22 PM","200: Lolay","Chad L Sosna","","","0","","0","0","","","","Active (Needs Requirements)"
"Task","30296","payment calculator","","Medium","Bill Rogalla","dsr","Lolay Legacy","Lolay Backog","Digital Showroom","","06/13/14 03:14 PM","200: Lolay","Chad L Sosna","","","0","","0","0","","","","Active (Needs Requirements)"
"Task","38942","MAX Webloader Scanner Upgrade","0","Medium","V-MAX-PRODUCT","webloader","Lolay Legacy","Lolay Backog","MAX Mobile Webloader","","04/06/17 06:27 PM","200: Lolay","Joseph Laochaloenvanich","","","0","","0","0","","","","Active (Needs Priority)"
"Internal Defect","38680","Change VDP UI to display packages from packages JSON","0","Medium","Jared Svenson","dsr","Lolay Legacy","Digital Showroom","Digital Showroom","","03/01/17 09:13 PM","200: Lolay","Bill Rogalla","","","0","","0","0","","","","Active (Ready for Work)"
"Task","38922","FL Mobile: too many clicks to take a picture","0","Medium","Bill Rogalla","mobile","Lolay Legacy","Undecided","FL Mobile","","04/04/17 07:08 PM","200: Lolay","Christopher Norton","","","0","","0","0","","","","Active (Needs Priority)"
"Internal Defect","38746","FL Mobile: two separate notices to select Trim and Type","0","Medium","Bill Rogalla","mobile","Lolay Legacy","Lolay Backog","FL Mobile","","03/10/17 04:06 PM","200: Lolay","Inna Tulika","","","0","","0","0","","","","Active (Needs Priority)"
"Bug","38898","FL Mobile: Unable to select the current year in the search criteria","0","Medium","Bill Rogalla","","Lolay Legacy","Undecided","FL Mobile","","03/31/17 03:56 PM","200: Lolay","Inna Tulika","","","0","","0","0","","","","Active (Needs Priority)"
"Internal Defect","38753","FL Mobile: Yellow recalls say ""no open recalls"" instead of ""information not available""","0","Medium","Bill Rogalla","ios","Lolay Legacy","FL Mobile Recall","FL Mobile","","03/13/17 08:38 PM","200: Lolay","Inna Tulika","","","0","","0","0","","","","Active (Needs Priority)"
"Bug","34268","SF:132835, Cannot find MAX app in Google Play Store-Device Compatibility","0","Medium","David Ritter","","Lolay Legacy","Lolay Backog","MAX Mobile Webloader","","09/09/15 09:23 PM","200: Lolay","Bill Rogalla","132835","","0","","0","0","","","","Active (Needs Research)"
"Bug","38228","FL Mobile Suppress/Remove Mileage Adjustment on Black Book","0","Medium","Bill Rogalla","mobile","Lolay Legacy","Undecided","FL Mobile","","12/12/16 07:10 PM","200: Lolay","Bill Rogalla","","","0","","0","0","","","","Active (Needs Priority)"
"Bug","38229","FL Mobile Correct Manheim Tile Logic to match desktop","0","Medium","Bill Rogalla","mobile","Lolay Legacy","Undecided","FL Mobile","","12/12/16 07:16 PM","200: Lolay","Bill Rogalla","","","0","","0","0","","","","Active (Needs Priority)"
"Bug","38364","SF:202344, Update On Mobile App Gave Error ""Cannot Download""","0","Medium","Will Ha","mobile","Lolay Legacy","Undecided","FL Mobile","","01/04/17 10:53 PM","200: Lolay","Michael Morales","202344","","0","","0","0","","","","Active (Needs Research)"
"Bug","38377","SF:203221, Ipad- FL Mobile App Unable To Download ""Ipad Not Compatible"" ","0","Medium","Will Ha","mobile","Lolay Legacy","FL Mobile Dec Redux","FL Mobile","","01/09/17 03:15 PM","200: Lolay","Michael Morales","203221","","0","","0","0","","","","Active (Ready for Work)"
"Bug","38431","FL Mobile:  blank trim is selectable as a search criteria","0","Medium","V-MAX-PRODUCT","mobile","Lolay Legacy","Undecided","FL Mobile","","01/16/17 05:16 PM","200: Lolay","Darren Bokor","","","0","","0","0","","","","Active (Needs Research)"
"Bug","38438","FL Mobile: Android - Salesperson does not save to desktop when you are save to awaiting as a salesperson","0","Medium","V-MAX-PRODUCT","mobile","Lolay Legacy","Undecided","FL Mobile","","01/16/17 11:27 PM","200: Lolay","Christopher Norton","","","0","","0","0","","","","Active (Needs Priority)"
"Bug","38489","FL Mobile: iOS specific -- Year Make Model is not displayed correctly in Appraisal History","0","Medium","Bill Rogalla","mobile","Lolay Legacy","Undecided","FL Mobile","","01/27/17 10:06 PM","200: Lolay","Christopher Norton","","","0","","0","0","","","","Active (Needs Priority)"
"Bug","38494","SF:207076, Deacon Jones Auto Park - FirstLook Mobile Appraiser MMR Issue","0","Medium","Will Ha","mobile","Lolay Legacy","FL Mobile Bug Fixes","FL Mobile","","01/30/17 08:09 PM","200: Lolay","Michael Morales","207076","","0","","0","0","","","","Active (Needs Research)"
"Bug","38606","SF:208537, FL Mobile App Issue - CRM Integration","0","Medium","V-MAX-PRODUCT","mobile","Lolay Legacy","Undecided","FL Mobile","","02/17/17 02:20 PM","200: Lolay","Michael Morales","208537","","0","","0","0","","","","Active (Needs Priority)"
"Internal Defect","37346","Android App:Save is not changed to 'Save to Awaiting' on mobile appraisal.","0","Ground Level","David Ritter","mobile","Lolay Legacy","Lolay Backog","FL Mobile","","08/01/16 04:38 PM","200: Lolay","Shailesh Panchal","","","0","","0","0","","","","Active (Ready for Work)"
"Task","38539","Upgrade New Relic android integration in FL Mobile","0","Medium","Bill Rogalla","","Lolay Legacy","Undecided","FL Mobile","","02/07/17 02:39 AM","200: Lolay","J. Travis Huber","","","0","","0","0","","","","Active (Needs Priority)"
"Task","38537","Upgrade New Relic ios integration in FL Mobile","0","Medium","Bill Rogalla","","Lolay Legacy","Undecided","FL Mobile","","02/07/17 02:36 AM","200: Lolay","J. Travis Huber","","","0","","0","0","","","","Active (Needs Priority)"
"Internal Defect","38210","FL Mobile: Trim not updating in desktop when changed in Mobile app","0","Ground Level","V-MAX-PRODUCT","","Lolay Legacy","Undecided","FL Mobile","","12/08/16 07:52 PM","200: Lolay","Inna Tulika","","","0","","0","0","","","","Active (Ready for Work)"
"Bug","38354","SF:202339, App Issue - Persistent Error Message in FL mobile app","0","Medium","Will Ha","","Lolay Legacy","Undecided","FL Mobile","","01/03/17 11:13 PM","200: Lolay","Michael Morales","202339","","0","","0","0","","","","Active (Needs Research)"
"Internal Defect","38410","FL Mobile: Avg Mileage is not updating when search criteria changes","0","Medium","V-MAX-PRODUCT","","Lolay Legacy","Undecided","FL Mobile","","01/12/17 06:59 PM","200: Lolay","Darren Bokor","","","0","","0","0","","","","Active (Needs Priority)"
"Internal Defect","38418","FL Mobile: android - Trim and Color not saving to the desktop","0","High","V-MAX-PRODUCT","android","Lolay Legacy","Undecided","FL Mobile","","01/12/17 10:09 PM","200: Lolay","Christopher Norton","","","0","","0","0","","","","Active (Ready for Work)"
"Internal Defect","38425","FL Mobile: changing the year criteria does not affect the search results","0","Medium","V-MAX-PRODUCT","","Lolay Legacy","Undecided","FL Mobile","","01/13/17 08:44 PM","200: Lolay","Darren Bokor","","","0","","0","0","","","","Active (Needs Priority)"
"Internal Defect","38426","FL Mobile: ""Warn if no appraisal value entered"" setting does not work","0","Medium","V-MAX-PRODUCT","android","Lolay Legacy","Undecided","FL Mobile","","01/13/17 11:32 PM","200: Lolay","Inna Tulika","","","0","","0","0","","","","Active (Ready for Work)"
"Internal Defect","38444","FL Mobile: android - Cost to Market tab, hitting next on the keyboard the page does not adjust","0","Medium","V-MAX-PRODUCT","android","Lolay Legacy","Undecided","FL Mobile","","01/17/17 05:30 PM","200: Lolay","Darren Bokor","","","0","","0","0","","","","Active (Needs Priority)"
"Task","33054","Pending MAX Work - Add VIN of the Vehicle Being Viewed When Sending a NADA Trade Tool Lead","","Medium","Jared Svenson","","Lolay Legacy","Lolay Backog","Digital Showroom","","04/17/15 10:48 PM","200: Lolay","Michaela Baker","","","0","","0","0","","","","Active (Ready for Work)"
"Task","34083","FL Appraisal App: Change the functionality of the Cancel button","0","Medium","Bill Rogalla","","Lolay Legacy","Lolay Backog","FL Mobile","","08/12/15 06:55 PM","200: Lolay","Michelle Clay","","","0","","0","0","","","","Active (Needs Priority)"
"Task","34087","FL Appraisal App: Improved error handling messages ","0","Medium","Bill Rogalla","","Lolay Legacy","Lolay Backog","FL Mobile","","08/12/15 06:58 PM","200: Lolay","Michelle Clay","","","0","","0","0","","","","Active (Ready for Work)"
"Task","34090","FL Appraisal App: Add the ability to see desktop appraisals on mobile device","0","Medium","Bill Rogalla","","Lolay Legacy","Lolay Backog","FL Mobile","","08/12/15 07:08 PM","200: Lolay","Michelle Clay","","","0","","0","0","","","","Active (Needs Priority)"
"Task","34091","FL Appraisal App: Add on screen guidance for taking photos","0","Medium","Bill Rogalla","","Lolay Legacy","Lolay Backog","FL Mobile","","08/12/15 07:23 PM","200: Lolay","Michelle Clay","","","0","","0","0","","","","Active (Needs Priority)"
"Bug","34181","Event handlers re-attach when clicking search","0","Medium","Jared Svenson","","Lolay Legacy","Lolay Backog","Digital Showroom","","08/26/15 03:39 AM","200: Lolay","J. Travis Huber","","","0","","0","0","","","","Active (Ready for Work)"
"Task","34541","FL Appraisal App: Add the ablity to transfer photos to MAX","0","Medium","Bill Rogalla","","Lolay Legacy","Lolay Backog","FL Mobile","","10/19/15 06:40 PM","200: Lolay","Michelle Clay","","","0","","0","0","","","","Active (Needs Requirements)"
"Bug","34807","SF:141561, FirstLook mobile issues-2001 Error - Ciocca Ford","0","Medium","Bill Rogalla","","Lolay Legacy","Lolay Backog","FL Mobile","","11/19/15 09:44 PM","200: Lolay","Bill Rogalla","141561","","0","","0","0","","","","Active (Needs Research)"
"Bug","34985","SF:143973, Dealer Unable to Save Vin on Mobile App - Sold Car 1-2 years Ago","0","Medium","Greg Ritter","","Lolay Legacy","Lolay Backog","FL Mobile","","12/09/15 04:22 PM","200: Lolay","Bill Rogalla","143973","","0","","0","0","","","","Active (Needs Research)"
"Bug","35266","SF:148052, GATES Audi of Lexington - Unable to Scan  Auction Stickers - Using FL Mobile Appraiser","0","High","David Ritter","","Lolay Legacy","Lolay Backog","FL Mobile","","01/11/16 07:05 PM","200: Lolay","Bill Rogalla","148052","","0","","0","0","","","","Active (Needs Research)"
"Internal Defect","35701","Certified Sequence on Modify Search Screen is different on iOS and Android","0","Medium","David Ritter","","Lolay Legacy","Lolay Backog","FL Mobile","","02/13/16 10:57 AM","200: Lolay","Advait Gupte","","","0","","0","0","","","","Active (Ready for Work)"
"Internal Defect","35702","Sequence of selected equipment and package in searching on is different in iOS and Android","0","Medium","David Ritter","","Lolay Legacy","Lolay Backog","FL Mobile","","02/13/16 11:18 AM","200: Lolay","Advait Gupte","","","0","","0","0","","","","Active (Ready for Work)"
"Internal Defect","35708","When there are less than 5 market listing there is no alert on iOS app.","0","Medium","David Ritter","","Lolay Legacy","Lolay Backog","FL Mobile","","02/13/16 12:16 PM","200: Lolay","Advait Gupte","","","0","","0","0","","","","Active (Ready for Work)"
"Internal Defect","35709","Blue Gradient is missing on pricing bar in Android App","0","Medium","David Ritter","","Lolay Legacy","Lolay Backog","FL Mobile","","02/13/16 12:21 PM","200: Lolay","Advait Gupte","","","0","","0","0","","","","Active (Ready for Work)"
"Internal Defect","35710","Double clicking on selected value for Distance and Listing lets you select empty values for those filters ","0","Medium","David Ritter","","Lolay Legacy","Lolay Backog","FL Mobile","","02/13/16 12:30 PM","200: Lolay","Advait Gupte","","","0","","0","0","","","","Active (Ready for Work)"
"Bug","37149","SF:174641, FirstLook Mobile App Issues-- Error Message When Appraising Vehicle","0","Medium","David Ritter","","Lolay Legacy","Lolay Backog","FL Mobile","","07/12/16 07:36 PM","200: Lolay","Help Desk Support","174641","","0","","0","0","","","","Active (Needs Research)"
"Feature","37944","FL Mobile UI Change: Add View Current Appraisal Section","0","Medium","David Ritter","","Lolay Legacy","Lolay Backog","FL Mobile","","10/20/16 07:42 PM","200: Lolay","Bill Rogalla","","","0","","0","0","","","","Active (Needs Priority)"
"Bug","38118","Entering Recon Notes is a painful UX","0","Medium","Bill Rogalla","","Lolay Legacy","Undecided","FL Mobile","","11/22/16 05:20 AM","200: Lolay","Christopher Norton","","","0","","0","0","","","","Active (Needs Priority)"
"Internal Defect","38173","FL Mobile: Settings are saved on the device ","0","Ground Level","V-MAX-PRODUCT","","Lolay Legacy","Undecided","FL Mobile","","12/01/16 08:55 PM","200: Lolay","Inna Tulika","","","0","","0","0","","","","Active (Needs Priority)"
"Internal Defect","38237","FL Mobile: All Body Styles is not available to select as an option","0","Ground Level","Bill Rogalla","","Lolay Legacy","Undecided","FL Mobile","","12/13/16 03:09 PM","200: Lolay","Inna Tulika","","","0","","0","0","","","","Active (Needs Priority)"
"Internal Defect","38296","FL Mobile: Cursor always blinking in the Mileage text field","0","Ground Level","Bill Rogalla","android","Lolay Legacy","Undecided","FL Mobile","","12/22/16 05:19 PM","200: Lolay","Inna Tulika","","","0","","0","0","","","","Active (Needs Priority)"
"Internal Defect","38297","FL Mobile: Car info text is too small on Android","0","Ground Level","Bill Rogalla","android","Lolay Legacy","Undecided","FL Mobile","","12/22/16 05:28 PM","200: Lolay","Inna Tulika","","","0","","0","0","","","","Active (Needs Priority)"
"Bug","38133","SF:196370, DSR Not Automatically Loading Dealer","0","Medium","App Support","dsr","Lolay Legacy","Undecided","Digital Showroom","","11/23/16 04:01 PM","200: Lolay","Dan Webster","196370","","0","Bill Rogalla","0","0","05/04/17 08:13 PM","","","Resolved (Fixed)"
"Task","37145","Change CARFAX Link on MAX for Website","0","Medium","Bill Rogalla","dsr","Lolay Legacy","Lolay Backog","Digital Showroom","","07/12/16 04:17 PM","200: Lolay","Kara Korte","","","0","","0","0","05/04/17 08:09 PM","","","Resolved (Completed)"
"Bug","33258","SF:118911, Photos Issue from MAX Mobile - Jagged Lines","","Medium","Bill Rogalla","webloader","Lolay Legacy","Lolay Backog","MAX Mobile Webloader","","05/13/15 04:22 PM","200: Lolay","Bill Rogalla","118911","","0","","0","0","06/03/15 07:06 PM","06/03/15 07:06 PM","","Active (Needs Research)"
"Bug","36731","SF:166785, Leith Porsche - DSR page issue - Unable to View While in Private Browsing","0","Medium","Bill Rogalla","dsr","Lolay Legacy","Undecided","Digital Showroom","","05/25/16 03:57 PM","200: Lolay","Dan Webster","166785","","0","","0","0","06/01/16 06:08 PM","","","Active (Needs Priority)"
"Bug","35001","SF:144185, Gates Honda - Logo Being Cut Off in M4W on Mobile Devices","0","Medium","Jared Svenson","dsr","Lolay Legacy","Lolay Backog","Digital Showroom","","12/10/15 05:55 PM","200: Lolay","Bill Rogalla","144185","","0","","0","0","12/22/15 10:43 PM","12/23/15 08:53 PM","","Active (Needs Research)"
"Task","38941","Scandit Upgrade Mobile iOS and Android","0","Medium","Inna Tulika","","Lolay Legacy","Lolay Backog","Digital Showroom","","04/06/17 06:22 PM","200: Lolay","Joseph Laochaloenvanich","","","0","","0","0","04/14/17 12:27 AM","","","Active (Needs Priority)"
"Internal Defect","38869","Mobile Showroom shows dealer certified cars as Certified","0","Medium","Inna Tulika","","Lolay Legacy","Undecided","Mobile Showroom","","03/28/17 09:32 PM","200: Lolay","Inna Tulika","","","0","Inna Tulika","0","0","03/30/17 02:00 PM","","","Resolved (Verified)"
"Feature","38230","Recall in FL Mobile Appraisal - UI","0","Medium","Inna Tulika","","Lolay Legacy","FL Mobile Recall","FL Mobile","","12/12/16 08:19 PM","200: Lolay","Bill Rogalla","","","0","","0","0","02/22/17 07:37 PM","","38571,38575,38580,38581,38599,38600,38601,38602,38607,38608,38626,38638,38653,38753,","Active (Ready for Work)"
"Internal Defect","38446","FL Mobile: getting error when going to the profit max page","0","Critical","Inna Tulika","","Lolay Legacy","FL Mobile Dec Redux","FL Mobile","","01/17/17 08:01 PM","200: Lolay","Christopher Norton","","","0","Inna Tulika","0","0","03/10/17 03:28 PM","","","Resolved (Verified)"
"Internal Defect","38475","FL Mobile: Input string was not in a correct format notice","0","Medium","Inna Tulika","","Lolay Legacy","FL Mobile Dec Redux","FL Mobile","","01/23/17 11:14 PM","200: Lolay","Inna Tulika","","","0","Inna Tulika","0","0","03/09/17 09:59 PM","","","Resolved (Verified)"
"Internal Defect","38724","FL Mobile: Can't complete an appraisal on iOS when Estimated Recon is required","0","Medium","Inna Tulika","ios","Lolay Legacy","FL Mobile Bug Fixes","FL Mobile","","03/08/17 08:03 PM","200: Lolay","Inna Tulika","","","0","Inna Tulika","0","0","03/09/17 08:18 PM","","","Resolved (Verified)"
"Internal Defect","38725","FL Mobile: Notice ""Value cannot be null"" for the cars with no values in books","0","Medium","Inna Tulika","ios","Lolay Legacy","FL Mobile Recall","FL Mobile","","03/08/17 09:22 PM","200: Lolay","Inna Tulika","","","0","Inna Tulika","0","0","03/09/17 07:35 PM","","","Resolved (Verified)"
"Task","38714","iOS: Crash when revisiting an auction run list","0","Medium","Inna Tulika","","Lolay Legacy","Undecided","FL Mobile","","03/07/17 04:43 PM","200: Lolay","Will Ha","","","0","Inna Tulika","0","0","03/07/17 08:04 PM","","","Resolved (Verified)"
"Internal Defect","38653","FL Mobile: Autocheck disappears from VHR when Recalls are turned off ","0","Medium","Inna Tulika","ios","Lolay Legacy","FL Mobile Recall","FL Mobile","","02/24/17 07:47 PM","200: Lolay","Inna Tulika","","","0","Inna Tulika","0","0","02/28/17 03:26 PM","","","Resolved (Verified)"
"Internal Defect","38638","FL Mobile: Typo in the Recall details","0","Medium","Inna Tulika","android","Lolay Legacy","FL Mobile Recall","FL Mobile","","02/22/17 05:20 PM","200: Lolay","Inna Tulika","","","0","Inna Tulika","0","0","02/24/17 04:32 PM","","","Resolved (Verified)"
"Bug","38478","FL Mobile Android - Crashlytics Crashes","0","Medium","Inna Tulika","","Lolay Legacy","FL Mobile Bug Fixes","FL Mobile","","01/24/17 08:22 PM","200: Lolay","David Ritter","","","0","Inna Tulika","0","0","02/24/17 03:53 PM","","","Resolved (Verified)"
"Internal Defect","38626","FL Mobile: Link not displayed properly in Recalls","0","Medium","Inna Tulika","android","Lolay Legacy","FL Mobile Recall","FL Mobile","","02/20/17 10:08 PM","200: Lolay","Inna Tulika","","","0","Inna Tulika","0","0","02/22/17 04:24 PM","","","Resolved (Verified)"
"Internal Defect","38608","FL Mobile: Cars not saved to awaiting if Type is not selected","0","Medium","Inna Tulika","android","Lolay Legacy","FL Mobile Recall","FL Mobile","","02/17/17 05:25 PM","200: Lolay","Inna Tulika","","","0","Inna Tulika","0","0","02/21/17 08:15 PM","","","Resolved (Verified)"
"Internal Defect","38571","FL Mobile: Behavior of the 0 in empty Mileage field","0","Medium","Inna Tulika","","Lolay Legacy","Lolay Backog","FL Mobile","","02/13/17 07:36 PM","200: Lolay","Inna Tulika","","","0","Inna Tulika","0","0","02/17/17 11:45 PM","","","Resolved (Verified)"
"Internal Defect","38602","FL Mobile: Unable to view details on a cautionary sign recall","0","Medium","Inna Tulika","android","Lolay Legacy","FL Mobile Recall","FL Mobile","","02/16/17 10:40 PM","200: Lolay","Inna Tulika","","","0","Inna Tulika","0","0","02/17/17 11:26 PM","","","Resolved (Verified)"
"Internal Defect","38607","FL Mobile: Scanner missing the first letter of the VIN on Android","0","Medium","Inna Tulika","android","Lolay Legacy","FL Mobile Recall","FL Mobile","","02/17/17 04:26 PM","200: Lolay","Inna Tulika","","","0","Inna Tulika","0","0","02/17/17 11:10 PM","","","Resolved (Verified)"
"Internal Defect","38599","Fl Mobile: Mileage goes to 0 after leaving the Books screen","0","Medium","Inna Tulika","android","Lolay Legacy","FL Mobile Recall","FL Mobile","","02/16/17 08:18 PM","200: Lolay","Inna Tulika","","","0","Inna Tulika","0","0","02/17/17 10:52 PM","","","Resolved (Verified)"
"Internal Defect","38600","FL Mobile: Unable to save the appraisal after viewing the recall details","0","Medium","Inna Tulika","android","Lolay Legacy","FL Mobile Recall","FL Mobile","","02/16/17 08:28 PM","200: Lolay","Inna Tulika","","","0","Inna Tulika","0","0","02/17/17 10:58 PM","","","Resolved (Verified)"
"Internal Defect","38601","FL Mobile: Comma in Appraisal value disappears after saving","0","Medium","Inna Tulika","android","Lolay Legacy","FL Mobile Recall","FL Mobile","","02/16/17 10:22 PM","200: Lolay","Inna Tulika","","","0","Inna Tulika","0","0","02/17/17 11:03 PM","","","Resolved (Verified)"
"Internal Defect","38581","FL Mobile Android: \n in Recall details","0","Medium","Inna Tulika","android","Lolay Legacy","FL Mobile Recall","FL Mobile","","02/15/17 05:34 PM","200: Lolay","Inna Tulika","","","0","Inna Tulika","0","0","02/17/17 09:24 PM","","","Resolved (Verified)"
"Internal Defect","38580","FL Mobile Android: Recall details not showing","0","Medium","Inna Tulika","android","Lolay Legacy","FL Mobile Recall","FL Mobile","","02/15/17 05:28 PM","200: Lolay","Inna Tulika","","","0","Inna Tulika","0","0","02/16/17 04:24 PM","","","Resolved (Verified)"
"Internal Defect","38575","FL Mobile Android: Recall always shows up, not respecting FL Admin setting","0","Medium","Inna Tulika","android","Lolay Legacy","FL Mobile Recall","FL Mobile","","02/14/17 09:04 PM","200: Lolay","Inna Tulika","","","0","Inna Tulika","0","0","02/15/17 03:56 PM","","","Resolved (Verified)"
"Internal Defect","38526","FL Mobile: KBB mileage adjustment and values change after completing the appraisal","0","Medium","Inna Tulika","ios","Lolay Legacy","FL Mobile Bug Fixes","FL Mobile","","02/06/17 08:06 PM","200: Lolay","Inna Tulika","","","0","Inna Tulika","1","1","02/13/17 08:17 PM","","","Resolved (Verified)"
"Internal Defect","38569","FL Mobile: Scanner not working on iPhone","0","Medium","Inna Tulika","ios","Lolay Legacy","FL Mobile Bug Fixes","FL Mobile","","02/13/17 05:27 PM","200: Lolay","Inna Tulika","","","0","Inna Tulika","0","0","02/13/17 07:42 PM","","","Resolved (Verified)"
"Internal Defect","38536","FL Mobile: KBB Bookouts change after saving to awaiting","0","Medium","Inna Tulika","android","Lolay Legacy","FL Mobile Bug Fixes","FL Mobile","","02/06/17 11:16 PM","200: Lolay","Inna Tulika","","","0","Inna Tulika","0","0","02/10/17 04:46 PM","","","Resolved (Verified)"
"Task","38486","Crash when user views a vehicle without any bookout information","0","Medium","Bill Rogalla","","Lolay Legacy","Undecided","FL Mobile","","01/27/17 04:29 AM","200: Lolay","Will Ha","","","0","Will Ha","0","0","01/27/17 04:32 AM","","","Resolved (Completed)"
"Bug","38243","FL Mobile: Nulls instead of make model","0","Ground Level","Bill Rogalla","","Lolay Legacy","Undecided","FL Mobile","","12/13/16 05:59 PM","200: Lolay","Inna Tulika","","","0","","0","0","12/13/16 07:37 PM","","","Active (Needs Priority)"
"Bug","38405","Make and Model are not displayed at the top","0","Medium","Will Ha","","Lolay Legacy","Undecided","FL Mobile","","01/11/17 10:42 PM","200: Lolay","Darren Bokor","","","0","","0","0","01/14/17 01:39 AM","","","Active (Needs Priority)"
"Bug","33704","SF:123116, Firstlook Mobile Appraiser Issue-Whoops 1002","","Medium","Greg Ritter","","Lolay Legacy","Lolay Backog","FL Mobile","","06/22/15 04:49 PM","200: Lolay","Bill Rogalla","123116","","0","","0","0","06/25/15 05:52 PM","06/25/15 05:52 PM","","Active (Needs Research)"
"Task","34201","Repeated errors in hasCertified call","0","Medium","Bill Rogalla","","Lolay Legacy","Undecided","Digital Showroom","","08/28/15 02:45 AM","200: Lolay","J. Travis Huber","","","0","Jared Svenson","0","0","01/06/16 10:07 PM","","","Resolved (Completed)"
"Bug","37197","SF:173490, Mobile App Issue-- Unable to Download on Tablet","0","Medium","David Ritter","","Lolay Legacy","Lolay Backog","Digital Showroom","","07/19/16 05:11 AM","200: Lolay","Dan Webster","173490","","0","","0","0","07/19/16 06:16 PM","","","Active (Needs Research)"
"Task","37261","Photo in price vs Market is not displaying in IE 11","0","Medium","Bill Rogalla","","Lolay Legacy","Undecided","Digital Showroom","","07/22/16 02:46 PM","200: Lolay","Christopher Norton","","","0","Jared Svenson","0","0","07/25/16 09:30 PM","","","Resolved (Completed)"
"Bug","37325","SF:176401, FirstLook Mobile App - Auction Lane Not Available- South Bay Auto Auction Gardena - Lane 2","0","Medium","David Ritter","","Lolay Legacy","Lolay Backog","FL Mobile","","07/28/16 08:55 PM","200: Lolay","Dan Webster","176401","","0","","0","0","07/28/16 09:01 PM","","","Active (Needs Research)"
"Bug","37546","DSR Page Display Scroll issue Google Chrome Browser","0","Medium","Bill Rogalla","","Lolay Legacy","September","Digital Showroom","","08/22/16 09:35 PM","200: Lolay","Bill Rogalla","","","0","Jared Svenson","0","0","09/17/16 07:54 PM","","","Resolved (Fixed)"
"Task","37606","Group DSR: Remove he start-over button from VDP page","0","Medium","Bill Rogalla","","Lolay Legacy","September","Digital Showroom","","09/01/16 08:36 PM","200: Lolay","Michelle C Clay","","","0","Jared Svenson","0","0","09/12/16 05:10 PM","","","Resolved (Completed)"
"Task","37607","Group DSR: Search Stock or VIN On original search page with make model options","0","Medium","Bill Rogalla","","Lolay Legacy","September","Digital Showroom","","09/01/16 08:36 PM","200: Lolay","Michelle C Clay","","","0","Jared Svenson","0","0","09/06/16 06:31 PM","","","Resolved (Completed)"
"Task","37608","Group DSR: Make the group Searchable on the choose a dealer page","0","Medium","Bill Rogalla","","Lolay Legacy","September","Digital Showroom","","09/01/16 08:37 PM","200: Lolay","Michelle C Clay","","","0","Jared Svenson","0","0","09/24/16 05:28 AM","","","Resolved (Completed)"
"Task","37609","Group DSR: UI Display Based on newly created settings page","0","Medium","Bill Rogalla","","Lolay Legacy","September","Digital Showroom","","09/01/16 09:12 PM","200: Lolay","Michelle C Clay","","","0","Jared Svenson","0","0","09/30/16 10:24 PM","","","Resolved (Completed)"
"Feature","38082","Replace Logo in all instances of Digital/Mobile Showroom","0","Medium","Christopher Norton","","Lolay Legacy","Undecided","Digital Showroom","","11/14/16 07:29 PM","200: Lolay","Bill Rogalla","","","0","Christopher Norton","0","0","12/02/16 09:43 PM","12/02/16 09:20 PM","","Resolved (Verified)"
"Internal Defect","38162","FL Mobile: App crashes when trying to view an FL Mobile appraised car that was then taken into Inventory","0","Medium","Bill Rogalla","","Lolay Legacy","Undecided","FL Mobile","","11/30/16 10:59 PM","200: Lolay","Inna Tulika","","","0","","2","2","12/12/16 10:16 PM","","","Active (Needs Priority)"
"Feature","38232","Mobile Showroom Redesign-Need Comparison Prices and Packages SRP - UI Case","0","Medium","Tim Muir","","Lolay Legacy","Undecided","Mobile Showroom","","12/12/16 08:25 PM","200: Lolay","Bill Rogalla","","","0","Tim Muir","2","2","12/28/16 10:36 PM","","","Resolved (Verified)"
"Bug","38991","SF:219328, Max Mobile DSR - Ed Hicks AutoGroup Shows Old DSR","0","Medium","App Support","","Lolay Legacy","Undecided","Digital Showroom","","04/13/17 07:01 PM","200: Lolay","Michael Morales","219328","","0","Bill Rogalla","2","2","04/19/17 04:06 PM","04/19/17 04:10 PM","","Closed (Verified)"
"Bug","38560","DSR/MAX4WEB2.0 update copyright year to 2017","2","Medium","Tim Muir","","Lolay Legacy","Digital Showroom","Digital Showroom","","02/10/17 08:25 PM","200: Lolay","Bill Rogalla","","","0","Tim Muir","2","2","04/19/17 08:14 PM","04/19/17 08:14 PM","","Closed (Verified)"
"Bug","38888","Scanning QR Code on Window Sticker Goes to Old Mobile Showroom View","0","Medium","Tim Muir","","Lolay Legacy","Digital Showroom","Mobile Showroom","","03/30/17 02:51 PM","200: Lolay","Bill Rogalla","","","1","Tim Muir","2","2","04/03/17 06:07 PM","04/05/17 04:43 PM","","Closed (Verified)"
"Internal Defect","38221","FL Mobile: Awaiting appraisals show up in Trade and Purchase tabs","0","Medium","Christopher Norton","ios","Lolay Legacy","FL Mobile Dec Redux","FL Mobile","","12/09/16 08:49 PM","200: Lolay","Christopher Norton","","","0","Christopher Norton","0","0","12/11/16 10:01 PM","01/27/17 03:31 PM","","Closed (Verified)"
"Bug","34974","SF:143888,PENSKE- ""Back"" button Not Working on Max Mobile Showroom via QR Code","0","Medium","App Support","","Lolay Legacy","Undecided","Mobile Showroom","","12/08/15 09:58 PM","200: Lolay","Bill Rogalla","143888","","0","Jared Svenson","0","0","06/01/16 06:04 PM","03/09/17 04:33 PM","","Closed (Fixed)"
"Bug","38400","SF:203834, Max Mobile Showroom Formatting Inconsistent","0","Medium","App Support","","Lolay Legacy","Undecided","Mobile Showroom","","01/11/17 08:06 PM","200: Lolay","Michael Morales","203834","","0","Jared Svenson","0","0","01/11/17 10:50 PM","03/09/17 03:59 PM","","Closed (Fixed)"
"Bug","38450","SF:204948, DSR Issue - Unable to Search Stock #'s with Hyphen","0","Medium","App Support","","Lolay Legacy","Undecided","Digital Showroom","","01/18/17 03:57 PM","200: Lolay","Michael Morales","204948","","0","Jared Svenson","0","0","01/19/17 06:31 PM","03/09/17 04:01 PM","","Closed (Fixed)"
"Bug","38189","SF:197976, Lithia CDJR of Concord - DSR Pages Not opening Correctly When Sent via Mobile Button (GLOBAL ISSUE)","0","Medium","App Support","","Lolay Legacy","Undecided","Digital Showroom","","12/06/16 05:58 PM","200: Lolay","Dan Webster","197976","","0","Jared Svenson","0","0","12/23/16 09:42 PM","03/09/17 03:58 PM","","Closed (Fixed)"
"Bug","38520","SF:207956, Change Carfax Full Report Display Based on Login Status","5","Medium","App Support","","Lolay Legacy","Digital Showroom","Digital Showroom","","02/03/17 04:34 PM","200: Lolay","Michael Morales","207956","","0","Tim Muir","2","2","02/24/17 10:50 PM","03/08/17 10:41 PM","","Closed (Verified)"
"Bug","35305","SF:148522, DSR Sort by Trim not functioning properly ","0","Medium","App Support","","Lolay Legacy","September","Digital Showroom","","01/14/16 03:29 PM","200: Lolay","Bill Rogalla","148522","","0","Jared Svenson","0","0","09/24/16 08:33 PM","03/08/17 10:51 PM","","Closed (Fixed)"
"Bug","36725","SF:167465, FL Mobile Appraiser- Crashing When Entering Settings","0","Medium","App Support","ios","Lolay Legacy","FL Mobile Dec Redux","FL Mobile","","05/24/16 08:32 PM","200: Lolay","Dan Webster","167465","","0","Christopher Norton","0","0","11/21/16 09:41 PM","03/03/17 04:26 PM","","Closed (Verified)"
"Bug","38610","SF:210546, Hendrick BMW - FL Mobile Appraiser DPP and Crashing for awaiting appraisals","0","Medium","App Support","","Lolay Legacy","Undecided","FL Mobile","","02/17/17 10:30 PM","200: Lolay","Michael Morales","210546","","0","Bill Rogalla","0","0","03/02/17 07:55 PM","03/03/17 04:19 PM","","Closed (Fixed)"
"Bug","38408","SF:204093, NADA Loan Value Missing on FL Mobile - Mac Haik Southway Ford","0","Medium","App Support","","Lolay Legacy","FL Mobile Dec Redux","FL Mobile","","01/12/17 05:27 PM","200: Lolay","Michael Morales","204093","","0","Christopher Norton","0","0","01/17/17 05:39 PM","03/03/17 03:54 PM","","Closed (Verified)"
"Bug","38493","SF:207099, Mobile App Issues - NADA Loan Value Changes After Saving","0","Medium","App Support","","Lolay Legacy","FL Mobile Bug Fixes","FL Mobile","","01/30/17 05:27 PM","200: Lolay","Michael Morales","207099","","0","Bill Rogalla","0","0","02/01/17 05:43 PM","03/03/17 03:55 PM","","Closed (Fixed)"
"Feature","37964","2WAY COMM FIRSTLOOK MOBILE: Notification UI Messaging ","0","Medium","Christopher Norton","","Lolay Legacy","FL Mobile Dec Redux","FL Mobile","","10/24/16 08:23 PM","200: Lolay","Bill Rogalla","","","0","Christopher Norton","0","0","11/23/16 07:00 PM","01/27/17 03:31 PM","38104,38116,38124,38125,38164,","Closed (Implemented)"
"Internal Defect","38104","2Way Comm Firstlook Mobile: Whoops messages still displayed","0","Ground Level","Christopher Norton","ios","Lolay Legacy","FL Mobile Dec Redux","FL Mobile","","11/17/16 09:48 PM","200: Lolay","Inna Tulika","","","0","Christopher Norton","0","0","11/23/16 06:19 PM","01/27/17 03:31 PM","","Closed (Verified)"
"Bug","38116"," After the appraisal is saved we can't view it again in app, getting Object reference error.","0","Medium","Abhishek Kumar","ios","Lolay Legacy","FL Mobile Dec Redux","FL Mobile","","11/21/16 10:30 PM","200: Lolay","Christopher Norton","","","0","Lokesh Shastri","18","18","11/25/16 03:53 PM","01/27/17 03:31 PM","","Closed (Verified)"
"Internal Defect","38125","FL Mobile abruptly closes when trying to view an existing appraisal","0","Medium","Christopher Norton","ios","Lolay Legacy","FL Mobile Dec Redux","FL Mobile","","11/22/16 09:01 PM","200: Lolay","Christopher Norton","","","0","Christopher Norton","0","0","11/23/16 05:32 PM","01/27/17 03:31 PM","","Closed (Verified)"
"Internal Defect","38136","Data in api is not displayed in FL Mobile UI","0","Medium","Inna Tulika","ios","Lolay Legacy","FL Mobile Dec Redux","FL Mobile","","11/23/16 07:25 PM","200: Lolay","Christopher Norton","","","0","Inna Tulika","2","2","11/30/16 09:55 PM","01/27/17 03:31 PM","","Closed (Verified)"
"Internal Defect","38145","Data in api is empty and get attempt to divide by zero msg.","0","Medium","Christopher Norton","","Lolay Legacy","FL Mobile Dec Redux","FL Mobile","","11/28/16 10:10 PM","200: Lolay","Christopher Norton","","","0","Christopher Norton","2","2","01/03/17 05:20 PM","01/27/17 03:31 PM","","Closed (Verified)"
"Internal Defect","38146","Sliderbar in Cost to Market does not set the appraisal value","0","Critical","Inna Tulika","ios","Lolay Legacy","FL Mobile Dec Redux","FL Mobile","","11/28/16 10:13 PM","200: Lolay","Christopher Norton","","","0","Inna Tulika","0","0","11/30/16 10:30 PM","01/27/17 03:31 PM","","Closed (Verified)"
"Internal Defect","38151","[BLOCKED] FL Mobile: Object reference notice on Cost to Market tab and pricing slider not responsive","0","Critical","Inna Tulika","ios","Lolay Legacy","FL Mobile Dec Redux","FL Mobile","","11/29/16 03:48 PM","200: Lolay","Inna Tulika","","","0","Inna Tulika","6","6","11/30/16 08:00 PM","01/27/17 03:31 PM","","Closed (Verified)"
"Bug","38155","FL Mobile: Estimated Recon and Target Gross profit defaults get saved for all users and all dealers","0","Medium","Inna Tulika","ios","Lolay Legacy","FL Mobile Dec Redux","FL Mobile","","11/29/16 08:28 PM","200: Lolay","Inna Tulika","","","0","Inna Tulika","1","1","11/30/16 08:22 PM","01/27/17 03:31 PM","","Closed (Verified)"
"Internal Defect","38158","Able to crash FL Mobile within the settings page","0","Medium","Inna Tulika","ios","Lolay Legacy","FL Mobile Dec Redux","FL Mobile","","11/30/16 05:18 AM","200: Lolay","Christopher Norton","","","0","Inna Tulika","1","1","11/30/16 09:56 PM","01/27/17 03:31 PM","","Closed (Verified)"
"Task","38164","FL Mobile:  after the in group appraisal validation fires add a Continue button to allow that store to appraise the car","0","High","Christopher Norton","","Lolay Legacy","FL Mobile Dec Redux","FL Mobile","","11/30/16 11:24 PM","200: Lolay","Christopher Norton","","","0","Christopher Norton","0","0","12/02/16 10:06 PM","01/27/17 03:31 PM","","Closed (Verified)"
"Internal Defect","38244","FL Mobile: no values for Galves Books","0","High","Christopher Norton","ios","Lolay Legacy","FL Mobile Dec Redux","FL Mobile","","12/13/16 09:44 PM","200: Lolay","Christopher Norton","","","0","Christopher Norton","2","2","12/15/16 03:18 AM","01/27/17 03:31 PM","","Closed (Verified)"
"Internal Defect","38252","FL Mobile: we are getting object reference erros in FL Mobile App when you go to awaiting appraisals or scan a vin","0","Medium","Inna Tulika","ios","Lolay Legacy","FL Mobile Dec Redux","FL Mobile","","12/14/16 09:59 PM","200: Lolay","Christopher Norton","","","0","Inna Tulika","0","0","12/15/16 05:03 PM","01/27/17 03:31 PM","","Closed (Verified)"
"Internal Defect","38325","FL Mobile Android: After scanning the VIN already in inventory, it does not show any message and freezes","0","Medium","Abhishek Kumar","android","Lolay Legacy","FL Mobile Dec Redux","FL Mobile","","12/27/16 04:49 PM","200: Lolay","Akshai Rathore","","","0","David Ritter","0","0","01/02/17 04:26 PM","01/27/17 03:31 PM","","Closed (Verified)"
"Task","38330","When 5-6 photos are uploaded from mobile, sometimes FL mobile app crashes saying 'Unfortunately qa.firstlook.biz has stopped’","0","Medium","Shailesh Panchal","andriod","Lolay Legacy","FL Mobile Dec Redux","FL Mobile","","12/28/16 05:09 PM","200: Lolay","Akshai Rathore","","","0","Shailesh Panchal","0","0","01/02/17 02:06 PM","01/27/17 03:31 PM","","Closed (Verified)"
"Internal Defect","38332","FL Mobile Android:Photos Uploaded from desktop, when deleted from mobile does not get deleted. ","0","Medium","Abhishek Kumar","andriod","Lolay Legacy","FL Mobile Dec Redux","FL Mobile","","12/29/16 02:50 PM","200: Lolay","Abhishek Kumar","","","0","Will Ha","0","0","12/30/16 07:33 AM","01/27/17 03:31 PM","","Closed (Verified)"
"Internal Defect","38333","FL Mobile Android: Third book NADA showing up for the dealer","0","Medium","Abhishek Kumar","andriod","Lolay Legacy","FL Mobile Dec Redux","FL Mobile","","12/29/16 04:53 PM","200: Lolay","Akshai Rathore","","","0","Abhishek Kumar","0","0","12/30/16 02:29 PM","01/27/17 03:31 PM","","Closed (Verified)"
"Internal Defect","38338","FL Mobile Android: Cost to Market tab object reference error","0","Medium","Abhishek Kumar","andriod","Lolay Legacy","FL Mobile Dec Redux","FL Mobile","","12/29/16 07:17 PM","200: Lolay","Akshai Rathore","","","0","Abhishek Kumar","0","0","01/02/17 02:29 PM","01/27/17 03:31 PM","","Closed (Verified)"
"Internal Defect","38345","FL Mobile Andorid: sometimes Save button is disabled even after keying in all details","0","Medium","Inna Tulika","andriod","Lolay Legacy","FL Mobile Dec Redux","FL Mobile","","12/30/16 05:20 PM","200: Lolay","Akshai Rathore","","","0","Inna Tulika","0","0","01/12/17 05:23 PM","01/27/17 03:31 PM","","Closed (Verified)"
"Feature","38088","FL Mobile - Add ""Body Style"" Filter UI to Modify Search","0","Medium","Inna Tulika","","Lolay Legacy","FL Mobile Dec Redux","FL Mobile","","11/15/16 04:40 PM","200: Lolay","Bill Rogalla","","","0","Inna Tulika","0","0","12/13/16 03:19 PM","01/27/17 03:31 PM","","Closed (Verified)"
"Task","38587","Remove maxdigital.com URL from DSR/M4W","2","Medium","Tim Muir","","Lolay Legacy","Undecided","Digital Showroom","","02/15/17 10:42 PM","200: Lolay","Kara Korte","","","0","Tim Muir","0","0","02/16/17 12:10 AM","02/16/17 03:53 PM","","Closed (Verified)"
"Internal Defect","38479","FL Mobile: Can't view car that was just taken to the inventory","0","Medium","Inna Tulika","android","Lolay Legacy","Undecided","FL Mobile","","01/24/17 11:32 PM","200: Lolay","Inna Tulika","","","0","Inna Tulika","0","0","01/25/17 03:19 PM","02/09/17 04:56 PM","","Closed (Verified)"
"Feature","37942","FL Mobile UI Change:  Add Default Appraiser/Buyer","0","Medium","Christopher Norton","","Lolay Legacy","FL Mobile Dec Redux","FL Mobile","","10/20/16 06:18 PM","200: Lolay","Bill Rogalla","","","0","Christopher Norton","0","0","11/23/16 07:00 PM","01/27/17 03:31 PM","38115,38136,38144,38145,38146,38151,38155,38158,38162,38169,38171,","Closed (Implemented)"
"Bug","38115","Default Appraiser/Buyer is not updating S3 file","0","Medium","Christopher Norton","ios","Lolay Legacy","FL Mobile Dec Redux","FL Mobile","","11/21/16 10:19 PM","200: Lolay","Christopher Norton","","","0","Christopher Norton","0","0","12/02/16 09:54 PM","01/27/17 03:31 PM","","Closed (Verified)"
"Internal Defect","38124","iPhone 7 gets error that the FL Mobile app may slow down your iPhone","0","Medium","Christopher Norton","","Lolay Legacy","FL Mobile Dec Redux","FL Mobile","","11/22/16 08:35 PM","200: Lolay","Christopher Norton","","","0","Christopher Norton","0","0","01/17/17 05:54 PM","01/27/17 03:31 PM","","Closed (Verified)"
"Feature","38135","FL Mobile:  Require Name on Appraisals Validation ","0","Medium","Inna Tulika","","Lolay Legacy","FL Mobile Dec Redux","FL Mobile","","11/23/16 05:27 PM","200: Lolay","Bill Rogalla","","","0","Will Ha","0","0","11/23/16 10:43 PM","01/27/17 03:31 PM","38147,","Closed (Verified)"
"Internal Defect","38144","Done button does not work in Settings for estimated recon and target gross","0","Medium","Inna Tulika","ios","Lolay Legacy","FL Mobile Dec Redux","FL Mobile","","11/28/16 10:03 PM","200: Lolay","Christopher Norton","","","0","Inna Tulika","0","0","11/29/16 08:00 PM","01/27/17 03:31 PM","","Closed (Verified)"
"Internal Defect","38147","FL Mobile: Salesperson Name not shown in Appraisal History","0","Ground Level","Inna Tulika","ios","Lolay Legacy","FL Mobile Dec Redux","FL Mobile","","11/28/16 10:15 PM","200: Lolay","Inna Tulika","","","0","Inna Tulika","1","1","11/29/16 05:13 PM","01/27/17 03:31 PM","","Closed (Verified)"
"Internal Defect","38169","FL Mobile: Request to enter an appraisal value to a salesperson","0","Ground Level","Inna Tulika","ios","Lolay Legacy","FL Mobile Dec Redux","FL Mobile","","12/01/16 05:11 PM","200: Lolay","Inna Tulika","","","0","Inna Tulika","0","0","12/12/16 10:13 PM","01/27/17 03:31 PM","","Closed (Verified)"
"Internal Defect","38171","FL Mobile: (null) miles shown in the app when mileage not set","0","Ground Level","Inna Tulika","ios","Lolay Legacy","FL Mobile Dec Redux","FL Mobile","","12/01/16 08:02 PM","200: Lolay","Inna Tulika","","","0","Inna Tulika","0","0","12/13/16 10:58 PM","01/27/17 03:31 PM","","Closed (Verified)"
"Feature","38180","2WAY COMM FIRSTLOOK MOBILE: Ability to edit existing appraisals in FL Mobile","0","Medium","Inna Tulika","","Lolay Legacy","FL Mobile Dec Redux","FL Mobile","","12/05/16 07:02 PM","200: Lolay","Christopher Norton","","","0","Will Ha","0","0","12/07/16 09:30 PM","01/27/17 03:31 PM","38209,38210,38211,38213,38214,38217,38221,38222,38223,38224,38233,38234,38239,38243,38244,38245,38246,38248,38252,38257,38258,38259,38260,38261,38262,38267,38277,38282,38283,38284,38285,38289,38290,38296,38297,38299,38300,38302,38303,38306,38307,38308,38309,38311,38312,38315,38317,38318,38319,38321,38322,38323,38325,38329,38330,38332,38333,38334,38335,38336,38337,38338,38342,38344,38345,38358,38361,38387,38388,38389,38404,38406,38409,38410,38411,38412,38416,38417,38418,38419,38426,38431,38438,38444,38447,38452,38453,38455,38475,38479,","Closed (Implemented)"
"Internal Defect","38199","FL Mobile: Unable to view a VIN in Mobile Appraisal History","0","Ground Level","Inna Tulika","ios","Lolay Legacy","FL Mobile Dec Redux","FL Mobile","","12/07/16 05:36 PM","200: Lolay","Inna Tulika","","","0","Inna Tulika","0","0","12/07/16 08:34 PM","01/27/17 03:31 PM","","Closed (Verified)"
"Feature","38204","FirstLook Mobile App Rename Sections at Top Level Menu-iOS","0","Medium","Christopher Norton","","Lolay Legacy","FL Mobile Dec Redux","FL Mobile","","12/08/16 05:01 PM","200: Lolay","Bill Rogalla","","","0","Christopher Norton","0","0","01/05/17 09:09 PM","01/27/17 03:31 PM","","Closed (Verified)"
"Internal Defect","38209","FL Mobile: Notice to enter appraisal value when there is a value","0","Ground Level","Inna Tulika","ios","Lolay Legacy","FL Mobile Dec Redux","FL Mobile","","12/08/16 07:28 PM","200: Lolay","Inna Tulika","","","0","Inna Tulika","0","0","12/12/16 11:42 PM","01/27/17 03:31 PM","","Closed (Verified)"
"Internal Defect","38211","FL Mobile: No Notice requiring Appraiser Name while it is checked","0","Ground Level","Inna Tulika","ios","Lolay Legacy","FL Mobile Dec Redux","FL Mobile","","12/08/16 09:45 PM","200: Lolay","Inna Tulika","","","0","Inna Tulika","0","0","12/12/16 08:00 PM","01/27/17 03:31 PM","","Closed (Verified)"
"Internal Defect","38213","FL Mobile: Unable to edit existing appraisal notice","0","Ground Level","Christopher Norton","ios","Lolay Legacy","FL Mobile Dec Redux","FL Mobile","","12/08/16 11:06 PM","200: Lolay","Inna Tulika","","","0","Christopher Norton","0","0","12/12/16 10:11 PM","01/27/17 03:31 PM","","Closed (Verified)"
"Internal Defect","38214","FL Mobile: Appraisal value not saved for new VIN","0","Ground Level","Inna Tulika","ios","Lolay Legacy","FL Mobile Dec Redux","FL Mobile","","12/08/16 11:32 PM","200: Lolay","Inna Tulika","","","0","Inna Tulika","0","0","12/12/16 11:29 PM","01/27/17 03:31 PM","","Closed (Verified)"
"Internal Defect","38217","FL Mobile: Appraiser Name not getting set when you change Appraiser Type","0","High","Christopher Norton","ios","Lolay Legacy","FL Mobile Dec Redux","FL Mobile","","12/09/16 07:29 PM","200: Lolay","Christopher Norton","","","0","Christopher Norton","0","0","12/21/16 01:23 AM","01/27/17 03:31 PM","","Closed (Verified)"
"Internal Defect","38220","Fl Mobile: validation for appraiser name and salesperson not firing when value is empty on existing appraisals","0","Medium","Inna Tulika","ios","Lolay Legacy","FL Mobile Dec Redux","FL Mobile","","12/09/16 08:07 PM","200: Lolay","Christopher Norton","","","0","Inna Tulika","0","0","12/14/16 01:59 AM","01/27/17 03:31 PM","","Closed (Verified)"
"Internal Defect","38222","FL Mobile: salesperson should only have 4 menu selections","0","Medium","Christopher Norton","ios","Lolay Legacy","FL Mobile Dec Redux","FL Mobile","","12/09/16 09:51 PM","200: Lolay","Christopher Norton","","","0","Christopher Norton","0","0","12/11/16 10:00 PM","01/27/17 03:31 PM","","Closed (Verified)"
"Internal Defect","38223","FL Mobile: validations from dealerInfo  are not required when clicking save to awaiting","0","Medium","Inna Tulika","ios","Lolay Legacy","FL Mobile Dec Redux","FL Mobile","","12/09/16 10:15 PM","200: Lolay","Christopher Norton","","","0","Inna Tulika","0","0","12/12/16 10:35 PM","01/27/17 03:31 PM","","Closed (Verified)"
"Internal Defect","38224","FL Mobile: Scanning a VIN that is in your inventory as a salesperson pulls up the COST to Market ","0","High","Christopher Norton","ios","Lolay Legacy","FL Mobile Dec Redux","FL Mobile","","12/09/16 10:22 PM","200: Lolay","Christopher Norton","","","0","Christopher Norton","0","0","12/13/16 04:41 PM","01/27/17 03:31 PM","","Closed (Verified)"
"Internal Defect","38227","FL Mobile: All data is loading slow","0","Ground Level","Inna Tulika","","Lolay Legacy","FL Mobile Dec Redux","FL Mobile","","12/12/16 05:29 PM","200: Lolay","Inna Tulika","","","0","Inna Tulika","0","0","01/17/17 05:17 PM","01/27/17 03:31 PM","","Closed (Verified)"
"Internal Defect","38233","FL Mobile: Appraised car does not make it to desktop or Appraisal History","0","Ground Level","Inna Tulika","ios","Lolay Legacy","FL Mobile Dec Redux","FL Mobile","","12/12/16 08:44 PM","200: Lolay","Inna Tulika","","","0","Inna Tulika","0","0","12/13/16 10:35 PM","01/27/17 03:31 PM","","Closed (Verified)"
"Internal Defect","38234","FL Mobile: Unable to update books in edit mode","0","High","Inna Tulika","ios","Lolay Legacy","FL Mobile Dec Redux","FL Mobile","","12/12/16 09:09 PM","200: Lolay","Christopher Norton","","","0","Inna Tulika","0","0","12/13/16 10:49 PM","01/27/17 03:31 PM","","Closed (Verified)"
"Internal Defect","38235","FL Mobile: Appraised car does not make it to desktop or Appraisal History when Mileage is not set","0","Ground Level","Inna Tulika","ios","Lolay Legacy","FL Mobile Dec Redux","FL Mobile","","12/12/16 09:23 PM","200: Lolay","Inna Tulika","","","0","Inna Tulika","0","0","12/13/16 12:06 AM","01/27/17 03:31 PM","","Closed (Verified)"
"Internal Defect","38239","FL Mobile: App crashes after trying to update Manheim book for a car without a trim","0","Ground Level","Inna Tulika","ios","Lolay Legacy","FL Mobile Dec Redux","FL Mobile","","12/13/16 04:01 PM","200: Lolay","Inna Tulika","","","0","Inna Tulika","0","0","12/13/16 07:52 PM","01/27/17 03:31 PM","","Closed (Verified)"
"Internal Defect","38242","FL Mobile: Books are empty because they are not pulling in all the book choices","0","Critical","Christopher Norton","ios","Lolay Legacy","FL Mobile Dec Redux","FL Mobile","","12/13/16 05:28 PM","200: Lolay","Christopher Norton","","","0","Christopher Norton","2","2","12/15/16 03:05 AM","01/27/17 03:31 PM","","Closed (Verified)"
"Internal Defect","38245","FL Mobile:  KBB only shows numbers after you save the appraisal","0","High","Christopher Norton","ios","Lolay Legacy","FL Mobile Dec Redux","FL Mobile","","12/14/16 03:49 AM","200: Lolay","Christopher Norton","","","0","Christopher Norton","2","2","12/19/16 08:56 PM","01/27/17 03:31 PM","38247,","Closed (Verified)"
"Internal Defect","38246","FL Mobile: Data couldn't be read because it's not in the correct format notice","0","Ground Level","Inna Tulika","ios","Lolay Legacy","FL Mobile Dec Redux","FL Mobile","","12/14/16 04:37 PM","200: Lolay","Inna Tulika","","","0","Inna Tulika","0","0","12/15/16 04:03 PM","01/27/17 03:31 PM","","Closed (Verified)"
"Internal Defect","38248","FL Mobile:  If the car is in awaiting appraisal will need to call the valuation api for the books","0","Critical","Christopher Norton","ios","Lolay Legacy","FL Mobile Dec Redux","FL Mobile","","12/14/16 05:49 PM","200: Lolay","Christopher Norton","","","0","Christopher Norton","0","0","12/19/16 09:45 PM","01/27/17 03:31 PM","","Closed (Verified)"
"Internal Defect","38257","FL Mobile:  Galves and Black Book have no value but the same VIN has values in FL Mobile production","0","High","Christopher Norton","ios","Lolay Legacy","FL Mobile Dec Redux","FL Mobile","","12/15/16 03:25 AM","200: Lolay","Christopher Norton","","","0","Inna Tulika","0","0","12/19/16 09:02 PM","01/27/17 03:31 PM","38281,","Closed (Verified)"
"Internal Defect","38258","FL Mobile: app crash when scrolling down after scanning a VIN","0","Critical","Inna Tulika","ios","Lolay Legacy","FL Mobile Dec Redux","FL Mobile","","12/15/16 03:55 AM","200: Lolay","Christopher Norton","","","0","Inna Tulika","0","0","12/15/16 10:59 PM","01/27/17 03:31 PM","","Closed (Verified)"
"Internal Defect","38259","FL Mobile: updating older Awaiting status appraisals will not save default buyer name","0","Medium","Inna Tulika","ios","Lolay Legacy","FL Mobile Dec Redux","FL Mobile","","12/15/16 04:34 AM","200: Lolay","Christopher Norton","","","0","Inna Tulika","0","0","12/15/16 10:38 PM","01/27/17 03:31 PM","","Closed (Verified)"
"Internal Defect","38260","FL Mobile: option adjustments are not pulling into the book valuations","0","Critical","Inna Tulika","ios","Lolay Legacy","FL Mobile Dec Redux","FL Mobile","","12/15/16 04:24 PM","200: Lolay","Christopher Norton","","","0","Inna Tulika","0","0","12/19/16 10:59 PM","01/27/17 03:31 PM","","Closed (Verified)"
"Internal Defect","38261","FL Mobile: changing the trim in books for awaiting for Appraisals does not save","0","Critical","Christopher Norton","ios","Lolay Legacy","FL Mobile Dec Redux","FL Mobile","","12/15/16 04:29 PM","200: Lolay","Christopher Norton","","","0","Christopher Norton","0","0","12/22/16 08:19 PM","01/27/17 03:31 PM","38265,","Closed (Verified)"
"Internal Defect","38262","FL Mobile: No notice to select appraisal type when saving to awaiting","0","Ground Level","Inna Tulika","ios","Lolay Legacy","FL Mobile Dec Redux","FL Mobile","","12/15/16 07:40 PM","200: Lolay","Inna Tulika","","","0","Inna Tulika","0","0","12/15/16 10:54 PM","01/27/17 03:31 PM","","Closed (Verified)"
"Internal Defect","38267","FL Mobile: photos object sent in save appraisal request doesnt have all the photos","0","Critical","Inna Tulika","ios","Lolay Legacy","FL Mobile Dec Redux","FL Mobile","","12/16/16 02:22 PM","200: Lolay","Akshai Rathore","","","0","Inna Tulika","0","0","12/19/16 10:19 PM","01/27/17 03:31 PM","38266,","Closed (Verified)"
"Internal Defect","38272","FL Mobile: Mileage adjustment and options adjustment values not shown in mobile","0","Ground Level","Inna Tulika","ios","Lolay Legacy","FL Mobile Dec Redux","FL Mobile","","12/16/16 06:00 PM","200: Lolay","Inna Tulika","","","0","Inna Tulika","0","0","12/16/16 09:26 PM","01/27/17 03:31 PM","","Closed (Verified)"
"Internal Defect","38273","FL Mobile: KBB is showing Lending value by default on mobile","0","Ground Level","Inna Tulika","ios","Lolay Legacy","FL Mobile Dec Redux","FL Mobile","","12/16/16 06:02 PM","200: Lolay","Inna Tulika","","","0","Inna Tulika","0","0","12/16/16 09:43 PM","01/27/17 03:31 PM","","Closed (Verified)"
"Internal Defect","38277","FL Mobile: updating photos or making edits to photos does not update AppraisalPhotoKeys table ","0","High","Inna Tulika","ios","Lolay Legacy","FL Mobile Dec Redux","FL Mobile","","12/19/16 06:38 PM","200: Lolay","Christopher Norton","","","0","Inna Tulika","0","0","12/20/16 07:54 PM","01/27/17 03:31 PM","","Closed (Verified)"
"Internal Defect","38281","FL Mobile: Notices when changing the trim in the books","0","Ground Level","Inna Tulika","","Lolay Legacy","FL Mobile Dec Redux","FL Mobile","","12/19/16 09:01 PM","200: Lolay","Inna Tulika","","","0","Inna Tulika","0","0","12/19/16 10:53 PM","01/27/17 03:31 PM","","Closed (Verified)"
"Internal Defect","38282","FL Mobile: Black Book, options show as not being selected even though they are and the value shows in options adjustment","0","High","Christopher Norton","ios","Lolay Legacy","FL Mobile Dec Redux","FL Mobile","","12/20/16 03:06 AM","200: Lolay","Christopher Norton","","","0","Christopher Norton","0","0","12/21/16 01:23 AM","01/27/17 03:31 PM","","Closed (Verified)"
"Internal Defect","38284","FL Mobile: Black Book: as soon as you select an option all other options uncheck","0","High","Inna Tulika","ios","Lolay Legacy","FL Mobile Dec Redux","FL Mobile","","12/20/16 03:17 PM","200: Lolay","Christopher Norton","","","0","Inna Tulika","0","0","12/20/16 11:00 PM","01/27/17 03:31 PM","","Closed (Verified)"
"Internal Defect","38285","FL Mobile: KBB tile displays 4 times and it says there is no trim selection available","0","High","Christopher Norton","ios","Lolay Legacy","FL Mobile Dec Redux","FL Mobile","","12/20/16 04:00 PM","200: Lolay","Christopher Norton","","","0","Christopher Norton","0","0","12/21/16 01:24 AM","01/27/17 03:31 PM","","Closed (Verified)"
"Internal Defect","38289","FL Mobile: Salesperson is unable to take pictures","0","Medium","Inna Tulika","ios","Lolay Legacy","FL Mobile Dec Redux","FL Mobile","","12/20/16 08:25 PM","200: Lolay","Inna Tulika","","","0","Inna Tulika","0","0","12/20/16 09:44 PM","01/27/17 03:31 PM","","Closed (Verified)"
"Internal Defect","38290","FL Mobile: Unable to check or uncheck options if you are a Salesperson","0","Ground Level","Inna Tulika","ios","Lolay Legacy","FL Mobile Dec Redux","FL Mobile","","12/20/16 08:53 PM","200: Lolay","Inna Tulika","","","0","Inna Tulika","0","0","12/20/16 09:36 PM","01/27/17 03:31 PM","","Closed (Verified)"
"Internal Defect","38291","FL Mobile: NADA returns empty when you change to Retail","0","Medium","Inna Tulika","ios","Lolay Legacy","FL Mobile Dec Redux","FL Mobile","","12/20/16 09:22 PM","200: Lolay","Christopher Norton","","","0","Inna Tulika","0","0","12/20/16 11:43 PM","01/27/17 03:31 PM","","Closed (Verified)"
"Internal Defect","38299","FL Mobile: Appraisal value not updating after changed in desktop Appraisal","0","Ground Level","Inna Tulika","android","Lolay Legacy","FL Mobile Dec Redux","FL Mobile","","12/22/16 07:20 PM","200: Lolay","Inna Tulika","","","0","Inna Tulika","0","0","01/16/17 09:25 PM","01/27/17 03:31 PM","","Closed (Verified)"
"Internal Defect","38300","FL Mobile: Back button in Appraisal History takes you to main menu","0","Ground Level","Inna Tulika","android","Lolay Legacy","FL Mobile Dec Redux","FL Mobile","","12/22/16 07:29 PM","200: Lolay","Inna Tulika","","","0","Inna Tulika","0","0","12/23/16 06:52 PM","01/27/17 03:31 PM","","Closed (Verified)"
"Internal Defect","38302","FL Mobile: Photos didn't make it to desktop for one car","0","Ground Level","Inna Tulika","android","Lolay Legacy","FL Mobile Dec Redux","FL Mobile","","12/22/16 08:33 PM","200: Lolay","Inna Tulika","","","0","Inna Tulika","0","0","12/23/16 07:06 PM","01/27/17 03:31 PM","","Closed (Verified)"
"Internal Defect","38303","FL Mobile: unable to enter numerical value in Cost to Market tab","0","High","Christopher Norton","android","Lolay Legacy","FL Mobile Dec Redux","FL Mobile","","12/22/16 08:42 PM","200: Lolay","Christopher Norton","","","0","Christopher Norton","0","0","01/12/17 07:44 PM","01/27/17 03:31 PM","","Closed (Verified)"
"Internal Defect","38304","FL Mobile Android Homepage UI","0","Medium","Christopher Norton","","Lolay Legacy","FL Mobile Dec Redux","FL Mobile","","12/22/16 08:51 PM","200: Lolay","Bill Rogalla","","","0","Christopher Norton","0","0","01/12/17 07:44 PM","01/27/17 03:31 PM","","Closed (Verified)"
"Internal Defect","38305","FL Mobile Android-Default Buyer Heading Section in Settings","0","Medium","Darren Bokor","","Lolay Legacy","FL Mobile Dec Redux","FL Mobile","","12/22/16 09:02 PM","200: Lolay","Bill Rogalla","","","0","Darren Bokor","0","0","01/12/17 09:05 PM","01/27/17 03:31 PM","","Closed (Verified)"
"Internal Defect","38306","FL Mobile: UVC is null notice","0","Ground Level","Inna Tulika","android","Lolay Legacy","FL Mobile Dec Redux","FL Mobile","","12/22/16 09:18 PM","200: Lolay","Inna Tulika","","","0","Inna Tulika","0","0","12/23/16 05:47 PM","01/27/17 03:31 PM","","Closed (Verified)"
"Internal Defect","38307","FL Mobile: Cars in Awaiting tab are not sorted in timestamp order","0","Medium","Christopher Norton","android","Lolay Legacy","FL Mobile Dec Redux","FL Mobile","","12/22/16 09:54 PM","200: Lolay","Christopher Norton","","","0","Christopher Norton","0","0","12/23/16 03:44 PM","01/27/17 03:31 PM","","Closed (Verified)"
"Internal Defect","38308","FL Mobile: updating the appraisal should update the appraisal history list","0","Medium","Christopher Norton","android","Lolay Legacy","FL Mobile Dec Redux","FL Mobile","","12/22/16 09:54 PM","200: Lolay","Christopher Norton","","","0","Christopher Norton","0","0","12/23/16 03:43 PM","01/27/17 03:31 PM","","Closed (Verified)"
"Internal Defect","38309","FL Mobile: there is not enough info in Trim choice to make a good choice","0","Medium","Darren Bokor","android","Lolay Legacy","FL Mobile Dec Redux","FL Mobile","","12/22/16 10:02 PM","200: Lolay","Christopher Norton","","","0","Darren Bokor","0","0","01/12/17 09:15 PM","01/27/17 03:31 PM","","Closed (Verified)"
"Internal Defect","38310","FL Mobile Android-Books Tab Missing Info","0","Medium","Darren Bokor","android","Lolay Legacy","FL Mobile Dec Redux","FL Mobile","","12/22/16 10:06 PM","200: Lolay","Bill Rogalla","","","0","Darren Bokor","0","0","01/12/17 07:47 PM","01/27/17 03:31 PM","","Closed (Verified)"
"Internal Defect","38311","FL Mobile: Missing Appraiser/Buyer info from Previous Appraisal Information","0","Ground Level","Inna Tulika","android","Lolay Legacy","FL Mobile Dec Redux","FL Mobile","","12/22/16 10:09 PM","200: Lolay","Inna Tulika","","","0","Inna Tulika","0","0","12/23/16 05:43 PM","01/27/17 03:31 PM","","Closed (Verified)"
"Internal Defect","38312","FL Mobile: Black Book should show Wholesale not Trade In","0","Medium","Christopher Norton","android","Lolay Legacy","FL Mobile Dec Redux","FL Mobile","","12/22/16 10:24 PM","200: Lolay","Christopher Norton","","","0","Christopher Norton","0","0","01/12/17 09:15 PM","01/27/17 03:31 PM","","Closed (Verified)"
"Internal Defect","38315","FL Mobile: Cars that I appraised yesterday disappeared from Mobile History and Desktop Appraisal","0","Ground Level","Inna Tulika","android","Lolay Legacy","FL Mobile Dec Redux","FL Mobile","","12/23/16 04:38 PM","200: Lolay","Inna Tulika","","","0","Inna Tulika","0","0","01/17/17 04:58 PM","01/27/17 03:31 PM","","Closed (Verified)"
"Internal Defect","38317","FL Mobile: values set in the settings is being applied to all dealers for that user","0","High","Christopher Norton","andriod","Lolay Legacy","FL Mobile Dec Redux","FL Mobile","","12/23/16 04:56 PM","200: Lolay","Christopher Norton","","","0","Christopher Norton","0","0","01/12/17 09:01 PM","01/27/17 03:31 PM","","Closed (Verified)"
"Internal Defect","38318","FL Mobile: Default Appraiser Name is not saving ","0","Medium","Darren Bokor","andriod","Lolay Legacy","FL Mobile Dec Redux","FL Mobile","","12/23/16 05:00 PM","200: Lolay","Christopher Norton","","","0","Darren Bokor","0","0","01/17/17 04:44 PM","01/27/17 03:31 PM","","Closed (Verified)"
"Internal Defect","38319","FL Mobile: Notice for the car that was previously appraised suggests to select OK when there is no OK","0","Ground Level","Christopher Norton","android","Lolay Legacy","FL Mobile Dec Redux","FL Mobile","","12/23/16 05:42 PM","200: Lolay","Inna Tulika","","","0","Christopher Norton","0","0","01/12/17 09:13 PM","01/27/17 03:31 PM","","Closed (Verified)"
"Internal Defect","38320","FL Mobile: VIN scanner does not work with the barcodes on the real lot","0","Ground Level","Inna Tulika","android","Lolay Legacy","FL Mobile Dec Redux","FL Mobile","","12/23/16 08:54 PM","200: Lolay","Inna Tulika","","","0","Inna Tulika","0","0","01/12/17 09:25 PM","01/27/17 03:31 PM","","Closed (Verified)"
"Internal Defect","38321","FL Mobile: Trade and Purchase date sorted list not sorted in the right order","0","Medium","Inna Tulika","android","Lolay Legacy","FL Mobile Dec Redux","FL Mobile","","12/23/16 10:04 PM","200: Lolay","Christopher Norton","","","0","Inna Tulika","0","0","01/12/17 09:22 PM","01/27/17 03:31 PM","","Closed (Verified)"
"Internal Defect","38322","FL Mobile: Adding a New appraiser name does not seem to make it on the phone ","0","Medium","Inna Tulika","android","Lolay Legacy","FL Mobile Dec Redux","FL Mobile","","12/23/16 10:39 PM","200: Lolay","Christopher Norton","","","0","Inna Tulika","0","0","01/12/17 09:18 PM","01/27/17 03:31 PM","","Closed (Verified)"
"Internal Defect","38323","FL Mobile: newly appraised car in the desktop does not show color in color chooser","0","Medium","Inna Tulika","android","Lolay Legacy","FL Mobile Dec Redux","FL Mobile","","12/23/16 10:51 PM","200: Lolay","Christopher Norton","","","0","Inna Tulika","0","0","01/12/17 08:27 PM","01/27/17 03:31 PM","","Closed (Verified)"
"Internal Defect","38329","For Galves book, values is not displayed on android mobile but it displayed on desktop and ios","0","Medium","Monisha Lakshamana","andriod","Lolay Legacy","FL Mobile Dec Redux","FL Mobile","","12/28/16 05:05 PM","200: Lolay","Akshai Rathore","","","0","Monisha Lakshamana","0","0","12/30/16 11:13 AM","01/27/17 03:31 PM","","Closed (Verified)"
"Internal Defect","38334","FL Mobile Android : when saving an awaiting appraisal to complete apprasial the option and trims are not being sent in request","0","Medium","Shailesh Panchal","","Lolay Legacy","FL Mobile Dec Redux","FL Mobile","","12/29/16 05:30 PM","200: Lolay","Akshai Rathore","","","0","Akshai Rathore","0","0","12/30/16 06:01 PM","01/27/17 03:31 PM","","Closed (Verified)"
"Internal Defect","38335","FL Mobile Android: change messaging for Manheim and NAAA, make it same as IOS version","0","Medium","Monisha Lakshamana","andriod","Lolay Legacy","FL Mobile Dec Redux","FL Mobile","","12/29/16 05:34 PM","200: Lolay","Akshai Rathore","","","0","Monisha Lakshamana","0","0","12/30/16 12:15 PM","01/27/17 03:31 PM","","Closed (Verified)"
"Internal Defect","38336","FL Mobile Android: Galves book not showing mileage and options adjustment for a complete appraisal","0","Medium","Monisha Lakshamana","andriod","Lolay Legacy","FL Mobile Dec Redux","FL Mobile","","12/29/16 05:45 PM","200: Lolay","Akshai Rathore","","","0","Monisha Lakshamana","0","0","12/30/16 11:24 AM","01/27/17 03:31 PM","","Closed (Verified)"
"Internal Defect","38337","FL Mobile Android: NADA options and mileage adjustments are not displayed","0","Medium","Abhishek Kumar","andriod","Lolay Legacy","FL Mobile Dec Redux","FL Mobile","","12/29/16 07:07 PM","200: Lolay","Akshai Rathore","","","0","Will Ha","0","0","12/30/16 07:34 AM","01/27/17 03:31 PM","","Closed (Verified)"
"Internal Defect","38342","FL Mobile Android: Unable to create complete appraisal","0","Medium","Monisha Lakshamana","","Lolay Legacy","FL Mobile Dec Redux","FL Mobile","","12/30/16 11:11 AM","200: Lolay","Monisha Lakshamana","","","0","Monisha Lakshamana","0","0","01/02/17 10:12 AM","01/27/17 03:31 PM","","Closed (Verified)"
"Internal Defect","38344","FL Mobile: The book valuations after VIN is scanned and for awaiting appraisals does not match","0","Medium","Shailesh Panchal","","Lolay Legacy","FL Mobile Dec Redux","FL Mobile","","12/30/16 05:04 PM","200: Lolay","Akshai Rathore","","","0","Will Ha","0","0","12/31/16 02:51 AM","01/27/17 03:31 PM","38343,38352,","Closed (Verified)"
"Internal Defect","38358","FL Mobile: First time entering Cost to Market clicking into any number field sets the focus in Market Average","0","Medium","Inna Tulika","android","Lolay Legacy","FL Mobile Dec Redux","FL Mobile","","01/04/17 03:49 PM","200: Lolay","Christopher Norton","","","0","Inna Tulika","0","0","01/12/17 07:43 PM","01/27/17 03:31 PM","","Closed (Verified)"
"Internal Defect","38361","Fl mobile: clicking on another field should stow the keyboard","0","Medium","Inna Tulika","android","Lolay Legacy","FL Mobile Dec Redux","FL Mobile","","01/04/17 05:37 PM","200: Lolay","Christopher Norton","","","0","Inna Tulika","0","0","01/12/17 08:04 PM","01/27/17 03:31 PM","","Closed (Verified)"
"Internal Defect","38388","Android - No Data was Found","0","High","Darren Bokor","android","Lolay Legacy","FL Mobile Dec Redux","FL Mobile","","01/11/17 03:21 PM","200: Lolay","Darren Bokor","","","0","Darren Bokor","0","0","01/12/17 03:44 PM","01/27/17 03:31 PM","","Closed (Verified)"
"Internal Defect","38389","Android - No book data","0","Medium","Darren Bokor","android","Lolay Legacy","FL Mobile Dec Redux","FL Mobile","","01/11/17 03:24 PM","200: Lolay","Darren Bokor","","","0","Darren Bokor","0","0","01/12/17 03:35 PM","01/27/17 03:31 PM","","Closed (Verified)"
"Internal Defect","38404","FL Mobile: Notice to select trim when it is selected","0","Ground Level","Inna Tulika","","Lolay Legacy","FL Mobile Dec Redux","FL Mobile","","01/11/17 10:42 PM","200: Lolay","Inna Tulika","","","0","Inna Tulika","0","0","01/23/17 09:46 PM","01/27/17 03:31 PM","","Closed (Verified)"
"Internal Defect","38406","Android - Null values displayed in Market Listings results","0","Medium","Darren Bokor","android","Lolay Legacy","FL Mobile Dec Redux","FL Mobile","","01/11/17 11:24 PM","200: Lolay","Darren Bokor","","","0","Darren Bokor","0","0","01/16/17 07:31 PM","01/27/17 03:31 PM","","Closed (Verified)"
"Internal Defect","38409","FL-Mobile: Appraisal value 0 in mobile app","0","Critical","Inna Tulika","android","Lolay Legacy","FL Mobile Dec Redux","FL Mobile","","01/12/17 06:05 PM","200: Lolay","Inna Tulika","","","0","Inna Tulika","0","0","01/13/17 10:40 PM","01/27/17 03:31 PM","","Closed (Verified)"
"Internal Defect","38411","FL Mobile: Android - default values are not getting set when changing between appraisal types ","0","Medium","Christopher Norton","android","Lolay Legacy","FL Mobile Dec Redux","FL Mobile","","01/12/17 07:30 PM","200: Lolay","Christopher Norton","","","0","Christopher Norton","0","0","01/16/17 11:36 PM","01/27/17 03:31 PM","","Closed (Verified)"
"Internal Defect","38412","FL Mobile: android - Cost to Market tab, unable to see market average field after you click in it","0","Medium","Darren Bokor","android","Lolay Legacy","FL Mobile Dec Redux","FL Mobile","","01/12/17 08:58 PM","200: Lolay","Christopher Norton","","","0","Darren Bokor","0","0","01/17/17 05:31 PM","01/27/17 03:31 PM","","Closed (Verified)"
"Internal Defect","38416","FL Mobile: android - QR code reader is not working","0","Critical","Christopher Norton","android","Lolay Legacy","FL Mobile Dec Redux","FL Mobile","","01/12/17 09:49 PM","200: Lolay","Christopher Norton","","","0","Christopher Norton","0","0","01/16/17 11:36 PM","01/27/17 03:31 PM","","Closed (Verified)"
"Internal Defect","38417","Android - Text overlaps on Modify Search page","0","Medium","Darren Bokor","android","Lolay Legacy","FL Mobile Dec Redux","FL Mobile","","01/12/17 09:59 PM","200: Lolay","Darren Bokor","","","0","Darren Bokor","0","0","01/13/17 11:16 PM","01/27/17 03:31 PM","","Closed (Verified)"
"Internal Defect","38419","FL Mobile android: Validation settings are not updating","0","Medium","Inna Tulika","android","Lolay Legacy","FL Mobile Dec Redux","FL Mobile","","01/12/17 11:14 PM","200: Lolay","Inna Tulika","","","0","Inna Tulika","0","0","01/13/17 11:24 PM","01/27/17 03:31 PM","","Closed (Verified)"
"Internal Defect","38447","FL Mobile: unable to interact with any fields in profit max","0","Critical","Christopher Norton","android","Lolay Legacy","FL Mobile Dec Redux","FL Mobile","","01/17/17 08:20 PM","200: Lolay","Christopher Norton","","","0","Christopher Norton","0","0","01/18/17 04:01 AM","01/27/17 03:31 PM","","Closed (Verified)"
"Internal Defect","38452","FL Mobile Android: Unable to complete an appraisal on mobile","0","Medium","Inna Tulika","android","Lolay Legacy","FL Mobile Dec Redux","FL Mobile","","01/18/17 05:01 PM","200: Lolay","Inna Tulika","","","0","Inna Tulika","0","0","01/18/17 11:28 PM","01/27/17 03:31 PM","","Closed (Verified)"
"Internal Defect","38455","FL Mobile Android: Cars not saved to awaiting the first time","0","Medium","Inna Tulika","android","Lolay Legacy","FL Mobile Dec Redux","FL Mobile","","01/18/17 10:49 PM","200: Lolay","Inna Tulika","","","0","Inna Tulika","0","0","01/19/17 03:45 PM","01/27/17 03:31 PM","","Closed (Verified)"
"Feature","37821","Mobile Showroom Redesign-Need Comparison Prices and Packages vehicle search API","8","Medium","Tim Muir","38232","Lolay Legacy","Undecided","Mobile Showroom","","10/04/16 05:57 PM","200: Lolay","Bill Rogalla","","","0","Tim Muir","32","32","12/28/16 03:42 PM","01/11/17 10:04 PM","","Closed (Verified)"
"Feature","38123","Lolay Configuration to Return Different Mobile Showroom view based on MAX Admin Preference","0","Medium","Tim Muir","","Lolay Legacy","Undecided","Mobile Showroom","","11/22/16 05:24 PM","200: Lolay","Bill Rogalla","","","0","Tim Muir","2","2","01/03/17 06:45 PM","01/11/17 05:08 PM","","Closed (Verified)"
"Bug","38132","SF:196390, Images Missing / Broken in DSR on Mobile Devices","0","Medium","App Support","","Lolay Legacy","Undecided","Mobile Showroom","","11/23/16 03:56 PM","200: Lolay","Dan Webster","196390","","1","Tim Muir","2","2","01/03/17 08:05 PM","01/12/17 04:22 PM","","Closed (Verified)"
"Internal Defect","38225","Mobile Showroom: Pricing Disclaimer Doesn't Render","0","Medium","Tim Muir","","Lolay Legacy","Undecided","Mobile Showroom","","12/09/16 11:26 PM","200: Lolay","Tim Muir","","","0","Tim Muir","2","2","12/15/16 07:34 AM","01/11/17 10:04 PM","","Closed (Verified)"
"Internal Defect","38254","Mobile Showroom: Redesign - Package and Equipment Text Styles Issues","0","Medium","Tim Muir","","Lolay Legacy","Undecided","Digital Showroom","","12/14/16 10:35 PM","200: Lolay","Tim Muir","","","0","Tim Muir","2","2","12/16/16 05:36 PM","01/11/17 05:11 PM","","Closed (Verified)"
"Internal Defect","38263","Mobile Showroom: Redesign - Email Feature Broken","0","Ground Level","Tim Muir","","Lolay Legacy","Undecided","Mobile Showroom","","12/15/16 09:49 PM","200: Lolay","Tim Muir","","","0","Tim Muir","2","2","12/16/16 09:29 PM","01/11/17 05:18 PM","","Closed (Verified)"
"Internal Defect","38264","Mobile Showroom: Redesign - Search Results Missing Blue Separator","0","Ground Level","Tim Muir","","Lolay Legacy","Undecided","Mobile Showroom","","12/15/16 10:14 PM","200: Lolay","Tim Muir","","","0","Tim Muir","2","2","12/16/16 10:55 PM","01/11/17 05:10 PM","","Closed (Verified)"
"Bug","13958","Max iPad: Logout workflow flawed","","Low","Narendra Barad","","Lolay Legacy","Undecided","Misc","","01/18/11 11:14 PM","200: Lolay","Narendra Barad","","","0","Narendra Barad","0","0","01/27/11 06:46 PM","03/21/11 06:51 PM","","Closed (Verified)"
"Bug","13964","Max iPad: caching issue with user login","","Medium","Narendra Barad","","Lolay Legacy","Undecided","Misc","","01/19/11 04:22 PM","200: Lolay","Narendra Barad","","","0","Narendra Barad","0","0","01/28/11 10:37 PM","03/21/11 06:51 PM","","Closed (Verified)"
"Bug","13965","Max iPad: Change the App name to ""MAX for Selling Elite"" instead of Max Turbo","","High","Narendra Barad","","Lolay Legacy","Undecided","Misc","","01/19/11 04:24 PM","200: Lolay","Narendra Barad","","","0","Narendra Barad","0","0","01/21/11 07:34 PM","03/21/11 06:51 PM","","Closed (Verified)"
"Bug","13969","Max iPad: screen rotation issues on the search page","","Medium","Narendra Barad","","Lolay Legacy","Undecided","Misc","","01/19/11 04:49 PM","200: Lolay","Narendra Barad","","","0","Narendra Barad","0","0","01/24/11 06:00 PM","03/21/11 06:51 PM","","Closed (Verified)"
"Bug","13970","Max iPad: App hangs after getting the inventory screen","","High","Narendra Barad","","Lolay Legacy","Undecided","Misc","","01/19/11 05:11 PM","200: Lolay","Narendra Barad","","","0","Bardia Dejban","0","0","01/24/11 06:32 AM","01/25/11 01:20 AM","","Closed (Fixed)"
"Bug","13979","Max iPad: VHR report should say AutoCheck sometimes instead of CarFax","","Medium","Narendra Barad","","Lolay Legacy","Undecided","Misc","","01/19/11 09:03 PM","200: Lolay","Narendra Barad","","","0","Narendra Barad","0","0","01/28/11 04:01 PM","03/21/11 06:51 PM","","Closed (Verified)"
"Bug","13981","Max iPad: Pricing section shows the prices in Red","","High","Narendra Barad","","Lolay Legacy","Undecided","Misc","","01/19/11 09:19 PM","200: Lolay","Narendra Barad","","","0","Narendra Barad","0","0","01/24/11 05:52 PM","03/21/11 06:51 PM","","Closed (Verified)"
"Bug","13983","Max iPad: Photo Sequencing issue","","High","Narendra Barad","","Lolay Legacy","Undecided","Misc","","01/19/11 11:08 PM","200: Lolay","Narendra Barad","","","0","Bardia Dejban","0","0","01/24/11 06:36 AM","01/25/11 01:27 AM","","Closed (Fixed)"
"Bug","13984","Max iPad: Car Photos cut off","","High","Narendra Barad","","Lolay Legacy","Undecided","Misc","","01/19/11 11:15 PM","200: Lolay","Narendra Barad","","","0","Bardia Dejban","0","0","01/24/11 06:37 AM","01/25/11 01:31 AM","","Closed (Fixed)"
"Bug","14008","Max iPad: Crib Notes - Affordable section - Don't show $0 above current Internet Price or $0 above Orig. Internet Price","","High","Narendra Barad","","Lolay Legacy","Undecided","Misc","","01/20/11 10:15 PM","200: Lolay","Narendra Barad","","","0","Bardia Dejban","0","0","01/24/11 06:37 AM","01/25/11 01:34 AM","","Closed (Fixed)"
"Bug","14009","Max iPad: Equipment shows engine and transmission information","","Medium","Narendra Barad","","Lolay Legacy","Undecided","Misc","","01/20/11 10:25 PM","200: Lolay","Narendra Barad","","","0","Bardia Dejban","0","0","01/24/11 06:42 AM","01/25/11 03:11 PM","","Closed (Fixed)"
"Bug","14012","Max iPad: Customer Facing Page not showing photos","","Medium","Narendra Barad","","Lolay Legacy","Undecided","Misc","","01/21/11 12:16 AM","200: Lolay","Narendra Barad","","","0","Narendra Barad","0","0","01/21/11 10:38 PM","03/21/11 06:51 PM","","Closed (Verified)"
"Bug","14017","Max iPad: Market Comparison Heading stays while listings scroll","","Medium","Narendra Barad","","Lolay Legacy","Undecided","Misc","","01/21/11 04:12 PM","200: Lolay","Narendra Barad","","","0","Narendra Barad","0","0","01/28/11 03:53 PM","03/21/11 06:51 PM","","Closed (Verified)"
"Bug","14018","Max iPad: External Color text being cut off on the Crib notes","","Medium","Narendra Barad","","Lolay Legacy","Undecided","Misc","","01/21/11 04:19 PM","200: Lolay","Narendra Barad","","","0","Bardia Dejban","0","0","01/24/11 06:39 AM","01/25/11 03:26 PM","","Closed (Fixed)"
"Bug","14029","Pricing header priority","","High","Jacob Solotaroff","","Lolay Legacy","Undecided","Misc","","01/21/11 07:31 PM","200: Lolay","Jacob Solotaroff","","","0","Bardia Dejban","0","0","01/24/11 06:33 AM","11/04/13 06:10 PM","","Closed (Fixed)"
"Bug","14030","Where did my worm go?","","Medium","Jacob Solotaroff","","Lolay Legacy","Undecided","Misc","","01/21/11 07:37 PM","200: Lolay","Jacob Solotaroff","","","0","Bardia Dejban","0","0","01/24/11 06:44 AM","11/04/13 06:10 PM","","Closed (Fixed)"
"Bug","14031","IPAD: Need more gradient in accordion headers","","Low","V-MAX-QA","","Lolay Legacy","Undecided","Misc","","01/21/11 07:39 PM","200: Lolay","Jacob Solotaroff","","","0","Michelle Clay","0","0","04/17/13 09:48 PM","04/17/13 09:48 PM","","Closed (Won't Fix)"
"Bug","14032","IPAD: Nice to have - taller headers in accordion","","Low","V-MAX-QA","iPad","Lolay Legacy","Undecided","Misc","","01/21/11 07:40 PM","200: Lolay","Jacob Solotaroff","","","0","Michelle Clay","0","0","04/17/13 09:49 PM","04/17/13 09:49 PM","","Closed (Won't Fix)"
"Bug","14033","Max iPad: Stale dealer Address displayed","","Low","V-MAX-QA","","Lolay Legacy","backlog","Misc","","01/21/11 08:18 PM","200: Lolay","Narendra Barad","","","0","Tim Muir","0","0","10/19/11 07:42 PM","10/19/11 07:42 PM","","Closed (Fixed)"
"Bug","14034","Max iPad: Logout throw error NSXMLParseErrorDomain:5 when Bad Token/Ticket expires","","Medium","Narendra Barad","","Lolay Legacy","Undecided","Misc","","01/21/11 08:24 PM","200: Lolay","Narendra Barad","","","0","Bardia Dejban","0","0","01/24/11 06:40 AM","01/26/11 07:15 AM","","Closed (Fixed)"
"Bug","14035","Only 7 of 30+ cars showing up","","High","V-MAX-QA","","Lolay Legacy","Undecided","Misc","","01/21/11 08:34 PM","200: Lolay","Jacob Solotaroff","","","0","Michelle Clay","0","0","04/17/13 09:50 PM","04/17/13 09:50 PM","","Closed (Not Reproducible)"
"Bug","14036","Need to put in Hendrick BMW logo","","Low","V-MAX-QA","","Lolay Legacy","backlog","Misc","","01/21/11 08:40 PM","200: Lolay","Jacob Solotaroff","","","0","Tim Muir","0","0","10/19/11 07:45 PM","10/19/11 07:45 PM","","Closed (Fixed)"
"Bug","14037","Max iPad: Footer - When dealership photo NOT available, don't show it","","Medium","Narendra Barad","","Lolay Legacy","backlog","Misc","","01/21/11 08:43 PM","200: Lolay","Narendra Barad","","","0","Michelle Clay","0","0","08/11/11 07:27 PM","08/22/11 09:39 PM","","Closed (Verified)"
"Bug","14038","Selling Notes page needs redesign","","High","Jacob Solotaroff","","Lolay Legacy","Undecided","Misc","","01/21/11 08:57 PM","200: Lolay","Jacob Solotaroff","","","0","Narendra Barad","0","0","01/27/11 09:44 PM","11/04/13 06:10 PM","","Closed (Verified)"
"Bug","14039","email didn't go through","","High","Jacob Solotaroff","","Lolay Legacy","Undecided","Misc","","01/21/11 09:00 PM","200: Lolay","Jacob Solotaroff","","","0","Narendra Barad","0","0","01/25/11 04:43 PM","11/04/13 06:10 PM","","Closed (Verified)"
"Bug","14040","no email validation","","Low","Jacob Solotaroff","","Lolay Legacy","Undecided","Misc","","01/21/11 09:01 PM","200: Lolay","Jacob Solotaroff","","","0","Bardia Dejban","0","0","02/01/11 10:15 AM","11/04/13 06:10 PM","","Closed (Fixed)"
"Bug","14042","Max iPad: Swallow exception when photo urls are NOT available","","Medium","Narendra Barad","","Lolay Legacy","backlog","Misc","","01/21/11 10:36 PM","200: Lolay","Narendra Barad","","","0","Michelle Clay","0","0","08/11/11 07:27 PM","08/22/11 09:39 PM","","Closed (Verified)"
"Bug","14044","Max iPad: Landscape mode shows bulluted crib notes with 2 colored strips","","Medium","Narendra Barad","","Lolay Legacy","Undecided","Misc","","01/21/11 11:42 PM","200: Lolay","Narendra Barad","","","0","Narendra Barad","0","0","01/25/11 04:43 PM","03/21/11 06:51 PM","","Closed (Verified)"
"Bug","14045","Max iPad: Get the photos from Max Ad (Photos Api)","","Medium","Narendra Barad","","Lolay Legacy","Undecided","Misc","","01/21/11 11:47 PM","200: Lolay","Narendra Barad","","","0","Narendra Barad","0","0","02/01/11 05:17 PM","03/21/11 06:51 PM","","Closed (Verified)"
"Bug","14046","Max iPad: Suppress INT (Interior) color from list page","","Medium","Narendra Barad","","Lolay Legacy","Undecided","Misc","","01/21/11 11:54 PM","200: Lolay","Narendra Barad","","","0","Narendra Barad","0","0","01/24/11 03:57 PM","03/21/11 06:51 PM","","Closed (Duplicate)"
"Bug","14047","Quick hit - CARFAX ""records""","","High","Jacob Solotaroff","","Lolay Legacy","Undecided","Misc","","01/22/11 03:50 PM","200: Lolay","Jacob Solotaroff","","","0","Bardia Dejban","0","0","01/24/11 06:29 AM","01/25/11 01:48 AM","","Closed (Fixed)"
"Bug","14049","Max iPad - Logging into the wrong dealer","","High","Devaraj Sundaram","","Lolay Legacy","Undecided","Misc","","01/23/11 12:44 AM","200: Lolay","Devaraj Sundaram","","","0","Bardia Dejban","0","0","01/24/11 06:30 AM","01/24/11 07:19 PM","","Closed (Fixed)"
"Bug","14050","MAX iPad - Change invalid credentials message box header","","Medium","Devaraj Sundaram","","Lolay Legacy","Undecided","Misc","","01/23/11 02:30 AM","200: Lolay","Devaraj Sundaram","","","0","Bardia Dejban","0","0","01/24/11 06:38 AM","01/24/11 07:31 PM","","Closed (Fixed)"
"Bug","14051","MAX iPad - App closes without any action","","High","Devaraj Sundaram","","Lolay Legacy","Undecided","Misc","","01/23/11 02:37 AM","200: Lolay","Devaraj Sundaram","","","0","Bardia Dejban","0","0","01/24/11 06:30 AM","01/24/11 07:22 PM","","Closed (Fixed)"
"Bug","14052","Quick Hit - change COMPARISON to COMPARISON SHOP","","High","Jacob Solotaroff","","Lolay Legacy","Undecided","Misc","","01/24/11 01:12 AM","200: Lolay","Jacob Solotaroff","","","0","Narendra Barad","0","0","01/24/11 10:50 PM","11/04/13 06:10 PM","","Closed (Verified)"
"Bug","14053","Quick Hit - put 2 lines of preview in the Market Comparison","","High","Jacob Solotaroff","","Lolay Legacy","Undecided","Misc","","01/24/11 01:48 AM","200: Lolay","Jacob Solotaroff","","","0","Narendra Barad","0","0","01/27/11 09:46 PM","11/04/13 06:10 PM","","Closed (Verified)"
"Bug","14054","Market comparison - more delineation between cars","","Low","Jacob Solotaroff","","Lolay Legacy","Undecided","Misc","","01/24/11 01:50 AM","200: Lolay","Jacob Solotaroff","","","0","Bardia Dejban","0","0","02/01/11 07:26 AM","11/04/13 06:10 PM","","Closed (Fixed)"
"Bug","14055","Get design of consumer facing page to match what Angela put in poster","","Low","Jacob Solotaroff","","Lolay Legacy","Undecided","Misc","","01/24/11 01:59 AM","200: Lolay","Jacob Solotaroff","","","0","Bardia Dejban","0","0","02/01/11 10:14 AM","11/04/13 06:10 PM","","Closed (Fixed)"
"Bug","14056","Bring back interior color","","Medium","Jacob Solotaroff","","Lolay Legacy","Undecided","Misc","","01/24/11 02:05 AM","200: Lolay","Jacob Solotaroff","","","0","Narendra Barad","0","0","01/28/11 03:46 PM","11/04/13 06:10 PM","","Closed (Won't Fix)"
"Bug","14057","Need headers on pricing section of Consumer Facing Page","","Low","Jacob Solotaroff","","Lolay Legacy","Undecided","Misc","","01/24/11 02:11 AM","200: Lolay","Jacob Solotaroff","","","0","Bardia Dejban","0","0","02/01/11 10:16 AM","11/04/13 06:10 PM","","Closed (Fixed)"
"Bug","14058","Quick Hit - Just say Kelley Blue Book","","High","Jacob Solotaroff","","Lolay Legacy","Undecided","Misc","","01/24/11 02:13 AM","200: Lolay","Jacob Solotaroff","","","0","Bardia Dejban","0","0","01/27/11 10:45 PM","11/04/13 06:10 PM","","Closed (Fixed)"
"Bug","14060","Quick Hit - Change Oopsie","","Low","Jacob Solotaroff","","Lolay Legacy","Undecided","Misc","","01/24/11 03:51 AM","200: Lolay","Jacob Solotaroff","","","0","Bardia Dejban","0","0","01/27/11 10:44 PM","11/04/13 06:10 PM","","Closed (Fixed)"
"Bug","14066","Max iPad: Install app gives message ""MaxDev"". We should say Max or something related","","Low","V-MAX-QA","","Lolay Legacy","backlog","Misc","","01/24/11 05:39 PM","200: Lolay","Narendra Barad","","","0","Tim Muir","0","0","10/19/11 07:47 PM","10/19/11 07:47 PM","","Closed (Fixed)"
"Bug","14081","Max iPad: Certification of vehicles","","High","Narendra Barad","","Lolay Legacy","Undecided","Misc","","01/24/11 11:52 PM","200: Lolay","Narendra Barad","","","0","Narendra Barad","0","0","01/28/11 03:51 PM","03/21/11 06:51 PM","","Closed (Verified)"
"Bug","14087","One more on priority of which Pricing to show in header","","Medium","V-MAX-QA","","Lolay Legacy","Undecided","Misc","","01/25/11 02:13 PM","200: Lolay","Jacob Solotaroff","","","0","Michelle Clay","0","0","07/11/13 03:49 PM","07/11/13 03:49 PM","","Closed (Won't Fix)"
"Task","14088","Design changes for Comparison Shop","","Medium","Narendra Barad","","Lolay Legacy","Undecided","Misc","","01/25/11 02:50 PM","200: Lolay","Jacob Solotaroff","","","0","Bardia Dejban","0","0","01/27/11 10:42 PM","01/28/11 03:59 PM","","Closed (Completed)"
"Bug","14089","Search page - make ""Notes"" icon smaller","","Medium","Jacob Solotaroff","","Lolay Legacy","Undecided","Misc","","01/25/11 03:07 PM","200: Lolay","Jacob Solotaroff","","","0","Bardia Dejban","0","0","01/27/11 10:44 PM","11/04/13 06:10 PM","","Closed (Fixed)"
"Task","14090","Selling Notes - Remove Customer Focus buttons","","High","Bardia Dejban","","Lolay Legacy","Undecided","Misc","","01/25/11 03:13 PM","200: Lolay","Jacob Solotaroff","","","0","Bardia Dejban","0","0","01/27/11 10:46 PM","04/18/14 07:18 PM","","Closed (Completed)"
"Bug","14091","Selling Notes - Change text on big button","","Medium","Jacob Solotaroff","","Lolay Legacy","Undecided","Misc","","01/25/11 03:15 PM","200: Lolay","Jacob Solotaroff","","","0","Bardia Dejban","0","0","01/27/11 10:46 PM","11/04/13 06:10 PM","","Closed (Fixed)"
"Bug","14093","Pricing - Show green bar if comparing with 2 or more things, not 3","","Medium","V-MAX-QA","","Lolay Legacy","Undecided","Misc","","01/25/11 03:18 PM","200: Lolay","Jacob Solotaroff","","","0","Michelle Clay","0","0","12/09/13 09:39 PM","12/09/13 09:39 PM","","Closed (Fixed)"
"Bug","14094","Consumer Facing Page - all bulleted sections","","Medium","Jacob Solotaroff","","Lolay Legacy","Undecided","Misc","","01/25/11 03:25 PM","200: Lolay","Jacob Solotaroff","","","0","Bardia Dejban","0","0","02/01/11 10:17 AM","11/04/13 06:10 PM","","Closed (Fixed)"
"Feature","14097","MAX iPad App - Inventory List: selling notes icon too big  can be 3/4 the size.","","Medium","Devaraj Sundaram","","Lolay Legacy","Undecided","Misc","","01/25/11 04:21 PM","200: Lolay","Devaraj Sundaram","","","0","Devaraj Sundaram","0","0","01/25/11 09:56 PM","01/25/11 09:56 PM","","Closed (Implemented)"
"Bug","14098","YMM Picker: when there is only one model in the list, it should auto select","","Low","Narendra Barad","","Lolay Legacy","backlog","Misc","","01/25/11 04:26 PM","200: Lolay","Narendra Barad","","","0","Narendra Barad","0","0","03/25/11 06:41 PM","03/25/11 06:41 PM","","Closed (Verified)"
"Feature","14099","MAX - iPad App- Inventory List - Certified and stock # grey and smaller font size for YMM","","Low","Devaraj Sundaram","","Lolay Legacy","Undecided","Misc","","01/25/11 04:26 PM","200: Lolay","Devaraj Sundaram","","","0","Devaraj Sundaram","0","0","01/25/11 09:54 PM","01/25/11 09:54 PM","","Closed (Implemented)"
